numero_police,date_edition,date_effet,date_echeance,numero_immatriculation,statut_contrat,entite,type_intermediaire
POL794932,2021-10-31,2025-02-26,2025-09-05,946-403,annulé,akwaba,agent
POL953637,2022-10-16,2024-06-18,2025-06-03,80-JF14,suspendu,akwaba,agent
POL691569,2021-03-05,2024-05-13,2024-08-24,I53 7SK,annulé,akwaba,direct
POL852552,2023-03-04,2024-08-07,2025-01-24,2I WW589,valide,yako,agent
POL699320,2021-07-26,2023-01-12,2023-08-01,94A•234,expiré,akwaba,courtier
POL635600,2023-05-08,2025-05-29,2025-06-21,3C579,suspendu,akwaba,courtier
POL743538,2021-10-21,2022-10-20,2024-12-24,5-P1150,annulé,yako,agent
POL390849,2022-03-16,2022-04-07,2025-09-19,5-53842,valide,yako,agent
POL520117,2022-06-19,2023-10-21,2025-01-16,DAW-9769,suspendu,akwaba,courtier
POL208935,2023-02-03,2024-12-08,2025-09-22,02-N848,suspendu,akwaba,courtier
POL022891,2021-07-03,2023-07-12,2024-03-26,K 138613,annulé,yako,courtier
POL274397,2021-04-07,2023-01-23,2025-06-18,247 UQE,expiré,akwaba,courtier
POL173759,2020-11-06,2024-08-13,2024-09-02,T 231310,annulé,akwaba,direct
POL373544,2024-07-31,2024-10-25,2025-09-24,00C L57,valide,akwaba,direct
POL387837,2021-08-20,2023-08-21,2024-02-03,Z40 1VC,suspendu,akwaba,direct
POL534827,2022-09-19,2025-09-09,2025-09-23,OLJ 982,valide,akwaba,agent
POL479180,2020-05-12,2022-04-06,2024-02-06,ZEJ 588,annulé,akwaba,direct
POL326723,2020-05-07,2025-05-10,2025-08-19,534 IZR,valide,yako,agent
POL037245,2024-05-07,2025-09-23,2025-09-23,8LF 914,valide,akwaba,courtier
POL423056,2022-03-14,2023-06-07,2024-01-11,2-7388J,annulé,yako,courtier
POL991988,2021-01-30,2025-01-27,2025-08-21,5C172,suspendu,yako,agent
POL336250,2021-04-27,2023-04-12,2023-11-25,76PM437,annulé,akwaba,courtier
POL141655,2022-03-24,2024-04-08,2025-02-21,1-3656F,valide,akwaba,direct
POL020036,2020-03-09,2023-10-11,2025-01-09,838MIP,expiré,akwaba,agent
POL482591,2023-06-26,2024-07-05,2024-07-29,3AK64,annulé,akwaba,agent
POL035763,2023-05-01,2023-11-24,2025-01-27,879-WBK,valide,yako,courtier
POL596611,2022-06-07,2025-03-27,2025-09-07,17-14374,suspendu,akwaba,agent
POL230464,2022-06-22,2025-01-23,2025-09-06,660210,expiré,yako,direct
POL137378,2021-01-13,2022-07-19,2022-10-16,8-3333N,valide,akwaba,courtier
POL792417,2024-01-05,2024-12-11,2025-07-04,897 LCM,valide,yako,direct
POL269586,2022-08-25,2024-03-15,2024-04-20,3O250,valide,akwaba,direct
POL168463,2021-11-21,2023-09-13,2025-07-28,IIJ-8766,annulé,yako,direct
POL494537,2020-11-22,2024-07-20,2024-08-20,MCF 049,valide,yako,agent
POL015899,2024-02-09,2024-06-15,2025-06-06,VQ 42290,annulé,yako,courtier
POL964534,2023-05-02,2023-10-30,2023-12-31,173 QAB,expiré,akwaba,agent
POL461836,2021-08-18,2025-08-17,2025-08-18,647 UDY,annulé,yako,direct
POL830185,2023-03-09,2023-07-10,2025-07-24,32-I644,annulé,yako,courtier
POL861689,2021-05-31,2025-01-25,2025-06-07,AAC 4096,expiré,akwaba,direct
POL505239,2021-04-29,2024-08-19,2024-11-21,GEI 490,expiré,yako,direct
POL621510,2023-10-01,2024-09-26,2025-06-08,MPF 311,expiré,akwaba,direct
POL833323,2022-08-02,2024-03-17,2024-09-17,4-S9657,suspendu,akwaba,agent
POL903311,2023-10-01,2024-11-22,2025-05-06,979-AQN,annulé,akwaba,agent
POL683753,2020-08-16,2025-09-22,2025-09-24,647 1TZ,expiré,akwaba,direct
POL370764,2023-12-30,2025-05-09,2025-05-29,0CT E46,annulé,yako,agent
POL492447,2019-11-29,2025-02-03,2025-09-14,NR-8629,valide,yako,courtier
POL981695,2023-07-20,2024-10-28,2024-12-09,04RR388,expiré,akwaba,agent
POL845378,2021-09-28,2022-08-23,2024-11-25,891-GVL,suspendu,yako,courtier
POL513502,2022-05-04,2024-10-13,2025-07-16,ZMR-5432,suspendu,yako,courtier
POL596357,2021-05-14,2021-05-19,2022-09-23,LDN 820,annulé,akwaba,direct
POL747124,2024-07-30,2024-09-18,2024-12-25,YH 45354,valide,akwaba,direct
POL430607,2022-08-29,2022-11-11,2024-03-25,897 DET,suspendu,yako,courtier
POL342524,2022-11-30,2025-05-22,2025-07-08,892C,suspendu,yako,direct
POL894178,2022-08-22,2023-05-21,2024-01-23,267 QZS,valide,yako,agent
POL611428,2023-03-26,2025-02-22,2025-09-04,CER 629,valide,yako,direct
POL791935,2024-07-15,2024-07-27,2024-09-11,2AB 147,suspendu,yako,agent
POL488538,2023-04-06,2023-05-03,2023-09-28,3C 0047F,annulé,yako,agent
POL855176,2021-12-25,2022-01-20,2022-06-18,8BU 098,valide,yako,agent
POL437855,2021-03-13,2024-12-04,2025-04-03,Q 110584,valide,yako,agent
POL483717,2024-07-17,2024-12-14,2025-08-04,183274,expiré,yako,agent
POL669309,2024-04-14,2025-06-21,2025-06-24,486 6LA,valide,akwaba,courtier
POL530246,2020-03-24,2020-12-31,2021-09-23,0U 96284,suspendu,akwaba,agent
POL697911,2022-09-23,2023-01-12,2023-12-09,092RIF,suspendu,yako,agent
POL992091,2020-01-08,2023-02-03,2023-11-16,08F 757,valide,akwaba,agent
POL177282,2023-06-22,2024-03-12,2024-10-12,289 SCY,valide,akwaba,courtier
POL603119,2023-07-13,2025-08-28,2025-09-04,8EP32,suspendu,yako,courtier
POL041933,2021-02-05,2024-05-07,2024-07-29,HDJ 949,annulé,yako,direct
POL803350,2021-08-10,2023-07-10,2025-08-13,KTA-9398,annulé,akwaba,agent
POL711815,2022-01-30,2024-12-20,2025-06-12,1W085,annulé,yako,agent
POL123377,2022-03-25,2022-10-22,2025-08-10,55S 027,annulé,yako,direct
POL446318,2023-09-04,2025-09-05,2025-09-05,PKF-3203,suspendu,yako,direct
POL447242,2021-12-10,2024-03-10,2025-08-19,IIO 571,expiré,yako,courtier
POL049177,2020-05-16,2021-02-01,2022-04-24,490M0,annulé,yako,direct
POL452944,2020-03-11,2023-11-01,2023-12-19,TRE9552,valide,yako,courtier
POL774808,2023-12-27,2025-04-03,2025-07-26,6-W1992,annulé,yako,courtier
POL376063,2023-05-24,2024-05-26,2024-11-02,9NB S79,valide,akwaba,courtier
POL409326,2022-10-18,2022-10-19,2025-02-14,DRI 1825,annulé,yako,agent
POL569323,2020-10-19,2023-07-24,2025-06-15,724ILR,expiré,akwaba,agent
POL781118,2020-11-17,2022-07-21,2024-10-03,868676,annulé,akwaba,agent
POL722315,2023-02-23,2025-08-14,2025-09-20,FMQ 836,annulé,akwaba,courtier
POL866965,2020-03-07,2020-12-04,2025-05-24,TSG-8347,valide,akwaba,courtier
POL614280,2023-02-23,2025-05-05,2025-08-23,966-WBS,annulé,akwaba,courtier
POL342638,2020-01-15,2025-05-19,2025-06-19,YTP-764,valide,akwaba,courtier
POL610000,2024-02-03,2024-02-19,2024-07-02,579-MXO,annulé,yako,direct
POL857532,2024-03-09,2024-09-23,2025-08-22,9M349,valide,akwaba,direct
POL369826,2021-11-06,2024-05-03,2024-12-16,19M F25,expiré,yako,agent
POL019738,2020-02-19,2025-08-17,2025-08-21,6704 MW,expiré,yako,courtier
POL941209,2022-02-06,2022-04-22,2022-09-13,90FO3,annulé,akwaba,agent
POL503624,2023-11-24,2025-04-24,2025-04-27,7JC06,annulé,akwaba,direct
POL118302,2023-08-27,2024-08-23,2024-09-03,6-P3500,annulé,yako,courtier
POL458944,2022-07-12,2022-08-21,2023-01-10,164Z4,suspendu,akwaba,direct
POL723125,2023-09-16,2025-07-15,2025-07-26,GKZ 908,suspendu,yako,courtier
POL524439,2023-01-24,2025-02-21,2025-07-30,CFY-4196,annulé,yako,courtier
POL676137,2022-09-29,2024-10-02,2025-04-11,ZZ 98546,expiré,yako,direct
POL108246,2020-10-11,2022-03-25,2025-03-03,ZHC 809,expiré,akwaba,courtier
POL630018,2022-12-31,2024-01-30,2024-09-08,561 2PW,annulé,yako,courtier
POL017575,2019-10-11,2023-05-13,2024-12-04,QNJ-3139,annulé,akwaba,direct
POL702207,2020-09-04,2024-07-19,2025-08-02,5X705,annulé,yako,direct
POL798658,2019-11-15,2021-10-15,2024-09-01,3-U2250,suspendu,yako,direct
POL455218,2020-03-30,2022-05-07,2024-11-06,0R316,expiré,yako,direct
POL595684,2022-10-12,2024-08-22,2025-08-01,26JZ4,suspendu,yako,courtier
POL156272,2023-04-11,2024-04-24,2025-01-11,814 HKP,expiré,yako,courtier
POL504916,2019-10-26,2021-11-21,2023-03-28,L50-59A,suspendu,akwaba,courtier
POL303292,2020-05-25,2021-01-10,2025-03-21,38-98910,valide,akwaba,courtier
POL604351,2024-05-01,2024-11-16,2025-07-08,85-4574L,expiré,akwaba,courtier
POL711879,2022-06-08,2025-05-03,2025-09-15,BYR 280,annulé,yako,direct
POL933205,2022-11-06,2025-05-30,2025-08-28,AGB8471,valide,yako,agent
POL626013,2022-05-11,2022-10-06,2025-02-13,0BX 045,suspendu,yako,direct
POL982826,2024-07-03,2025-05-16,2025-07-11,VZQ 7318,valide,akwaba,direct
POL684570,2022-03-28,2022-06-28,2023-12-21,467OW,suspendu,yako,agent
POL518572,2024-05-13,2024-09-12,2025-03-21,MDP 452,expiré,yako,courtier
POL679099,2022-06-17,2025-09-02,2025-09-18,XN-8249,annulé,akwaba,courtier
POL301556,2023-01-14,2023-05-23,2023-10-21,355 IDD,valide,akwaba,direct
POL890087,2019-10-11,2020-09-27,2023-11-04,872 PHW,valide,yako,direct
POL495257,2024-05-15,2025-08-08,2025-09-07,9F Z5912,expiré,akwaba,courtier
POL279655,2022-01-04,2025-05-07,2025-05-11,FXM 197,valide,yako,agent
POL218001,2023-06-21,2023-09-14,2025-07-17,KEA 920,valide,yako,direct
POL734855,2024-07-04,2025-08-17,2025-09-17,351-ZFP,valide,akwaba,courtier
POL418599,2021-09-01,2022-04-10,2025-08-14,RM-0319,valide,akwaba,agent
POL277751,2023-10-20,2025-04-03,2025-05-28,0IU76,expiré,akwaba,direct
POL707041,2020-03-10,2022-07-05,2023-09-07,78-G745,expiré,yako,courtier
POL936200,2020-03-05,2021-11-06,2024-12-26,550 FJY,suspendu,akwaba,direct
POL586255,2022-09-17,2023-01-19,2025-01-27,983 COV,annulé,yako,agent
POL669179,2020-02-24,2025-07-01,2025-07-18,DK2 1802,valide,yako,agent
POL795458,2023-09-30,2025-01-23,2025-04-29,UZS-9217,suspendu,akwaba,courtier
POL937119,2020-08-12,2021-02-01,2024-08-08,DJS-713,expiré,akwaba,direct
POL842059,2023-03-22,2024-12-20,2025-07-07,92UA7,annulé,yako,direct
POL483701,2020-08-10,2024-01-12,2024-10-22,9XY Z04,expiré,yako,agent
POL859438,2024-01-02,2025-05-28,2025-09-15,854 CZW,suspendu,yako,agent
POL734699,2023-11-10,2025-06-10,2025-06-26,3DZ Q90,expiré,akwaba,direct
POL059928,2024-03-16,2024-12-05,2025-04-19,4-M3872,expiré,yako,courtier
POL455901,2020-04-24,2021-03-07,2024-01-20,1NH9882,annulé,akwaba,direct
POL545171,2022-01-09,2025-04-26,2025-07-09,053ZXI,valide,akwaba,agent
POL180210,2022-08-29,2022-11-23,2023-06-02,7OT 070,suspendu,yako,courtier
POL830990,2022-11-23,2024-10-29,2025-02-03,4BM F10,suspendu,akwaba,agent
POL565760,2020-05-06,2025-05-25,2025-08-27,26-5480C,valide,yako,courtier
POL639504,2020-08-05,2022-07-25,2024-02-03,ESY E72,annulé,akwaba,agent
POL727206,2022-12-06,2024-02-27,2024-07-17,LOZ-303,annulé,yako,agent
POL247213,2021-10-11,2022-02-08,2022-07-23,FOE 909,annulé,akwaba,courtier
POL124710,2021-05-05,2021-11-17,2023-04-16,4R992,suspendu,akwaba,courtier
POL234716,2020-09-24,2024-03-11,2025-01-04,ZZF1745,suspendu,akwaba,direct
POL921277,2022-01-03,2025-03-02,2025-06-13,KM 11006,annulé,akwaba,agent
POL827746,2022-09-01,2023-06-21,2023-09-12,131-BAY,annulé,yako,courtier
POL314550,2021-07-19,2022-03-27,2024-03-31,UA7 N1P,annulé,akwaba,courtier
POL488567,2023-02-09,2023-03-10,2024-11-29,PDK-593,expiré,akwaba,direct
POL787209,2021-07-30,2023-06-29,2024-10-14,JZ-6298,expiré,akwaba,courtier
POL783830,2021-07-11,2024-11-20,2024-11-29,4-02873,suspendu,yako,agent
POL251931,2020-12-22,2025-08-27,2025-09-02,3179 TG,suspendu,akwaba,courtier
POL645487,2021-10-07,2024-06-24,2025-03-02,HX-2101,valide,yako,direct
POL825808,2021-09-09,2025-03-11,2025-07-01,LIP 342,expiré,yako,agent
POL778112,2024-05-27,2024-11-09,2024-12-11,090K9,suspendu,akwaba,agent
POL769024,2023-01-04,2024-06-13,2024-10-20,550H9,annulé,yako,courtier
POL164673,2024-09-05,2024-12-15,2025-07-25,HF9 U5O,valide,akwaba,direct
POL818707,2020-05-18,2022-08-28,2022-09-10,116 DDR,annulé,akwaba,direct
POL316340,2023-03-28,2025-08-02,2025-09-10,3N 78123,expiré,akwaba,agent
POL433116,2021-11-29,2023-05-04,2023-05-10,ZHN-8379,valide,akwaba,courtier
POL001049,2023-01-18,2023-09-30,2025-02-21,RPI 686,expiré,yako,courtier
POL134935,2020-10-26,2022-11-26,2023-10-22,DEZ-897,annulé,akwaba,agent
POL099485,2023-12-16,2024-01-01,2025-09-24,BMF 750,expiré,yako,direct
POL292645,2019-12-27,2020-09-17,2025-09-06,121A,valide,akwaba,agent
POL229545,2022-11-12,2024-06-04,2025-08-02,FHO 115,annulé,yako,courtier
POL607534,2023-06-23,2024-12-31,2025-04-02,X65 5YT,valide,akwaba,agent
POL822499,2021-06-04,2021-08-15,2022-10-28,6MK 757,expiré,yako,direct
POL505923,2020-05-25,2023-06-05,2023-10-23,EFZ 241,suspendu,akwaba,direct
POL987564,2023-12-25,2025-09-06,2025-09-06,VQX3336,suspendu,yako,courtier
POL420295,2022-10-04,2022-11-27,2024-09-30,LCD 923,suspendu,akwaba,direct
POL033077,2024-05-23,2025-01-02,2025-07-20,FX 4645,expiré,akwaba,courtier
POL840600,2022-05-01,2025-03-31,2025-06-21,844TH,annulé,akwaba,courtier
POL369651,2024-02-27,2024-10-05,2025-05-30,4ZC 714,valide,yako,direct
POL508976,2019-12-10,2023-06-23,2025-05-13,MKH 070,expiré,akwaba,courtier
POL203965,2020-11-15,2021-11-12,2024-01-07,9DY44,expiré,akwaba,agent
POL268026,2023-11-21,2024-08-09,2025-09-23,JGT1681,suspendu,yako,direct
POL614696,2020-02-12,2021-10-25,2022-11-20,DBD 376,suspendu,yako,agent
POL768667,2023-08-16,2024-06-16,2025-09-19,490I6,valide,akwaba,courtier
POL109980,2023-09-09,2025-07-14,2025-08-21,60OT1,suspendu,yako,direct
POL207840,2022-01-23,2022-04-19,2022-12-30,QDI 541,annulé,yako,direct
POL447210,2021-06-09,2023-10-21,2024-09-15,K06-98A,expiré,akwaba,direct
POL113487,2023-09-04,2024-02-09,2024-04-08,VYS-6381,expiré,akwaba,courtier
POL980277,2021-09-29,2023-03-29,2024-10-09,UN4 3948,expiré,yako,courtier
POL093091,2023-01-12,2023-04-29,2025-06-04,3NRI 22,valide,yako,agent
POL949740,2023-09-23,2025-07-09,2025-07-27,YOY 437,expiré,akwaba,courtier
POL574385,2023-02-15,2023-07-09,2023-10-24,982 PGS,suspendu,akwaba,direct
POL333104,2021-02-08,2023-05-25,2023-11-06,9YGT464,annulé,yako,agent
POL902312,2022-01-04,2022-07-28,2023-12-07,98-JI69,suspendu,akwaba,courtier
POL858470,2023-07-25,2025-02-11,2025-06-21,HHU 374,suspendu,akwaba,direct
POL473681,2022-09-01,2023-10-24,2024-10-29,17Z•708,annulé,yako,courtier
POL154494,2024-03-30,2025-01-21,2025-08-03,KIY 172,annulé,yako,direct
POL637570,2023-03-29,2023-05-03,2023-10-24,3-3492T,annulé,yako,agent
POL896659,2021-12-16,2024-08-11,2024-09-27,TPJ-197,annulé,yako,agent
POL767689,2019-11-24,2025-06-27,2025-06-29,522-ZNJ,annulé,yako,direct
POL895463,2020-02-25,2023-09-26,2024-09-23,171 BDW,annulé,akwaba,direct
POL611649,2020-04-02,2020-04-13,2022-05-27,129-SXSQ,suspendu,akwaba,direct
POL159855,2024-01-04,2024-11-24,2024-12-15,00-1910S,expiré,akwaba,courtier
POL748132,2023-03-31,2025-05-19,2025-08-31,7430 KA,expiré,yako,courtier
POL554224,2024-04-24,2024-09-16,2025-02-03,919 6499,annulé,akwaba,courtier
POL575251,2024-08-26,2024-11-04,2025-08-04,PXH-220,suspendu,yako,agent
POL922126,2021-04-01,2023-06-24,2024-10-03,775-ZFK,annulé,yako,agent
POL614303,2023-10-26,2024-04-24,2024-09-24,ZQH 488,valide,yako,direct
POL460222,2021-07-10,2022-05-24,2024-11-22,384Y9,suspendu,akwaba,courtier
POL362982,2024-04-17,2025-06-21,2025-09-17,7-Q3027,suspendu,yako,agent
POL738380,2024-08-17,2025-09-10,2025-09-23,ZO0 3750,suspendu,yako,agent
POL731493,2020-11-24,2021-11-09,2025-08-01,P38-RKY,valide,akwaba,agent
POL139825,2020-12-15,2021-09-23,2022-03-06,BFB 7894,expiré,akwaba,courtier
POL996628,2023-05-17,2023-11-21,2024-03-05,YUX-553,valide,akwaba,courtier
POL088044,2020-01-16,2021-07-07,2025-08-31,3ZF19,valide,yako,direct
POL901271,2021-04-28,2023-06-20,2025-02-04,924 PMP,annulé,yako,agent
POL764050,2022-06-09,2024-12-11,2025-09-14,173 1OW,suspendu,akwaba,direct
POL037588,2021-04-16,2025-05-27,2025-09-24,2-4734K,expiré,akwaba,courtier
POL738833,2023-06-29,2024-04-21,2024-09-24,XSR 172,expiré,akwaba,courtier
POL646290,2023-10-17,2023-11-12,2024-07-24,8-W7865,suspendu,yako,courtier
POL490286,2023-11-02,2024-08-09,2024-12-19,TDF-3031,annulé,yako,direct
POL786399,2020-05-12,2025-05-08,2025-07-14,TN4 1034,annulé,akwaba,courtier
POL553886,2022-03-26,2024-01-06,2024-06-02,ZZ5 6130,suspendu,akwaba,direct
POL236839,2022-11-26,2025-06-07,2025-06-30,852Q,suspendu,yako,agent
POL261178,2022-04-09,2024-11-05,2024-12-24,6-59378P,suspendu,yako,direct
POL487334,2021-11-24,2022-09-04,2023-08-18,220C,expiré,yako,courtier
POL546954,2023-06-24,2024-11-13,2025-06-10,JX6 2507,annulé,yako,direct
POL660690,2020-11-03,2025-06-08,2025-08-06,U 869880,suspendu,akwaba,agent
POL846355,2019-10-19,2022-06-28,2024-07-14,LO2 0881,annulé,yako,agent
POL170766,2023-01-13,2025-04-05,2025-06-14,460-TRC,valide,yako,courtier
POL704096,2023-04-13,2024-09-22,2025-06-07,983 BUI,valide,akwaba,direct
POL187783,2020-11-27,2021-12-02,2023-05-31,12F QT3,suspendu,akwaba,direct
POL700029,2023-04-06,2024-07-10,2024-10-25,HYQ 385,annulé,akwaba,agent
POL141250,2022-09-21,2023-04-17,2025-03-03,9XQ R18,suspendu,akwaba,direct
POL969697,2021-11-16,2024-02-12,2024-07-05,JQX-8680,expiré,akwaba,agent
POL983313,2021-12-02,2023-10-25,2023-11-24,QJR-128,expiré,yako,direct
POL246185,2021-01-19,2023-07-16,2025-05-14,808TII,suspendu,yako,agent
POL229390,2021-06-29,2025-03-04,2025-05-13,1JYS790,annulé,akwaba,courtier
POL174768,2022-01-09,2023-02-12,2024-11-16,850-BWD,expiré,akwaba,courtier
POL794197,2022-03-05,2024-12-21,2025-05-17,1AF10,annulé,akwaba,agent
POL346479,2023-09-17,2025-01-23,2025-03-31,303AW,expiré,akwaba,courtier
POL256469,2024-05-04,2024-08-22,2025-08-02,44-GF94,valide,akwaba,direct
POL399149,2023-02-18,2025-07-12,2025-07-16,TKU-7980,expiré,akwaba,courtier
POL206547,2021-07-09,2023-03-14,2023-05-15,965 KUH,suspendu,akwaba,courtier
POL641276,2022-11-01,2022-12-08,2023-02-14,RLF 369,valide,akwaba,courtier
POL377098,2021-02-14,2021-12-02,2022-03-09,831 WII,expiré,akwaba,courtier
POL358410,2021-12-17,2024-03-25,2024-06-16,233-VNZO,annulé,yako,agent
POL656630,2021-08-08,2025-03-30,2025-03-31,405-PMX,suspendu,yako,courtier
POL126874,2022-06-28,2024-04-21,2024-05-19,98ET462,suspendu,yako,courtier
POL369002,2020-12-18,2025-09-18,2025-09-21,7A ZM281,annulé,akwaba,direct
POL095255,2023-07-09,2024-03-03,2024-11-16,088 MI9,suspendu,akwaba,agent
POL506366,2022-11-07,2023-09-15,2023-10-08,459 CGH,suspendu,akwaba,courtier
POL430558,2023-03-30,2024-08-29,2024-12-21,373 OVX,expiré,akwaba,direct
POL435159,2023-11-23,2024-05-15,2025-09-20,315 GFF,suspendu,akwaba,courtier
POL659282,2024-07-13,2024-10-28,2025-03-03,DIC 707,annulé,akwaba,direct
POL810689,2022-09-24,2024-02-18,2025-04-13,9307,annulé,akwaba,direct
POL592090,2022-06-08,2023-05-29,2024-05-22,750-PFN,expiré,akwaba,direct
POL985037,2022-11-14,2025-03-26,2025-09-21,1C 43964,valide,akwaba,agent
POL194772,2022-12-22,2025-06-04,2025-07-18,2ZK3892,annulé,akwaba,agent
POL404280,2021-06-18,2024-01-16,2024-09-08,22-8803Z,suspendu,akwaba,direct
POL519913,2021-10-09,2022-01-25,2023-12-31,KUV 923,expiré,yako,agent
POL888275,2021-07-13,2024-01-23,2024-05-26,F68-KGQ,suspendu,yako,direct
POL791467,2021-12-13,2022-11-16,2024-10-22,3Z 68767,valide,akwaba,direct
POL355232,2023-01-30,2023-02-08,2023-07-29,YBY-352,expiré,akwaba,agent
POL400814,2024-04-03,2024-12-20,2025-05-23,CXK4570,suspendu,akwaba,agent
POL993986,2019-09-30,2021-08-12,2023-11-02,41-A459,suspendu,akwaba,direct
POL451762,2024-02-25,2025-04-11,2025-06-20,770 9564,suspendu,akwaba,courtier
POL465133,2022-08-25,2023-10-05,2024-08-02,SWD 571,annulé,akwaba,direct
POL910927,2024-06-05,2024-11-20,2025-04-26,6WO8703,valide,yako,courtier
POL465668,2024-01-19,2024-08-25,2024-09-07,JPV 494,suspendu,yako,direct
POL074938,2023-08-12,2023-08-15,2023-12-22,8X 5U9BVT,valide,akwaba,agent
POL726172,2024-07-02,2025-07-18,2025-07-22,859-KCP,valide,akwaba,agent
POL968032,2021-09-10,2023-08-21,2025-05-09,5NB F69,annulé,yako,direct
POL997764,2023-10-31,2023-12-09,2024-10-27,2E 41480,suspendu,akwaba,agent
POL649520,2020-09-06,2021-05-31,2023-11-19,9RV 864,annulé,akwaba,agent
POL014109,2021-01-30,2021-08-27,2023-04-04,153-VCD,valide,akwaba,direct
POL070031,2020-05-06,2023-09-14,2024-11-04,941 INA,expiré,yako,agent
POL165328,2021-12-20,2023-05-18,2024-08-30,87F A67,expiré,yako,direct
POL196776,2022-10-09,2025-01-06,2025-07-18,MUU-5276,valide,akwaba,direct
POL959697,2021-02-28,2021-10-05,2022-09-12,12D B38,expiré,akwaba,agent
POL298275,2022-01-18,2024-03-17,2024-07-24,0-3015G,annulé,akwaba,courtier
POL377165,2021-05-13,2024-08-23,2025-03-24,0-60630,suspendu,akwaba,agent
POL292402,2021-09-05,2023-05-04,2024-11-29,258-EWY,expiré,yako,direct
POL455951,2020-07-12,2020-10-22,2022-03-13,153 7UA,expiré,yako,courtier
POL197588,2023-04-11,2024-08-08,2025-08-28,92T 6597,annulé,akwaba,courtier
POL680615,2020-08-19,2022-06-29,2023-02-03,100 AOG,expiré,akwaba,direct
POL613881,2023-08-27,2024-04-12,2025-01-30,6723,annulé,akwaba,courtier
POL404350,2021-08-04,2023-05-14,2024-12-08,846 GUO,suspendu,yako,agent
POL656949,2021-07-26,2025-08-25,2025-09-21,154-VHI,valide,yako,direct
POL998811,2022-09-01,2024-10-13,2025-07-19,HTA-5550,annulé,akwaba,agent
POL522634,2020-12-03,2025-01-08,2025-03-05,94O 063,suspendu,akwaba,agent
POL999096,2020-02-03,2020-10-10,2024-02-12,930 FGO,valide,akwaba,direct
POL886696,2022-04-04,2025-04-20,2025-09-08,45-5160A,annulé,akwaba,courtier
POL845234,2024-03-20,2025-02-04,2025-07-15,253-DGU,valide,akwaba,courtier
POL542245,2023-06-08,2025-05-23,2025-09-09,FF 6978,annulé,yako,agent
POL068553,2024-03-21,2024-09-13,2024-10-31,864 SZS,suspendu,akwaba,direct
POL674188,2021-11-15,2023-01-13,2023-04-06,6CZK 38,annulé,akwaba,agent
POL376541,2023-11-11,2024-01-21,2025-06-08,985 CKJ,expiré,yako,agent
POL953088,2022-09-13,2023-04-24,2023-11-09,634V,suspendu,yako,direct
POL475345,2023-04-06,2023-08-07,2025-01-18,FDQ 044,expiré,akwaba,direct
POL571717,2020-05-24,2022-06-07,2022-08-30,1778 CB,suspendu,yako,courtier
POL512867,2022-09-18,2025-09-13,2025-09-16,YYH 3084,valide,akwaba,courtier
POL263986,2021-11-23,2024-01-26,2025-06-03,HGW 472,suspendu,akwaba,direct
POL728154,2019-11-27,2020-05-19,2025-03-23,JN-8184,annulé,yako,direct
POL190752,2023-12-27,2024-11-12,2025-06-03,3172,expiré,yako,courtier
POL782350,2023-03-13,2023-07-23,2023-08-12,YC 4976,expiré,akwaba,agent
POL818340,2021-10-31,2024-02-13,2025-01-15,NN 83412,annulé,yako,courtier
POL357360,2020-05-08,2025-06-29,2025-08-14,WYL8028,suspendu,yako,agent
POL111929,2020-02-21,2025-01-29,2025-06-13,7BZ J47,valide,akwaba,direct
POL292294,2020-02-12,2024-03-31,2025-03-11,1IR9096,valide,akwaba,courtier
POL457758,2021-10-06,2022-08-16,2022-10-10,UAA 234,annulé,yako,agent
POL617291,2020-08-23,2022-05-24,2023-06-29,4A 1H0FHC,valide,akwaba,agent
POL508893,2021-10-18,2023-08-26,2024-12-05,SRG1193,suspendu,akwaba,direct
POL388484,2023-02-01,2025-06-26,2025-09-05,792-RLAL,valide,akwaba,agent
POL578838,2022-07-17,2023-12-10,2024-11-05,PER 230,expiré,yako,agent
POL038477,2024-01-28,2025-09-07,2025-09-20,EMN-9366,annulé,akwaba,direct
POL725007,2019-12-22,2020-09-18,2025-05-16,12C G59,valide,akwaba,agent
POL521762,2020-11-18,2024-11-23,2025-02-17,LWJ-789,suspendu,akwaba,direct
POL644949,2021-02-06,2024-04-15,2025-06-19,013 5PA,annulé,akwaba,agent
POL214128,2022-10-15,2023-06-25,2025-02-27,185 1HZ,expiré,yako,courtier
POL283700,2024-07-10,2024-08-12,2024-10-11,584-ALS,valide,akwaba,agent
POL770941,2019-11-21,2021-09-27,2024-01-15,7055,expiré,akwaba,courtier
POL159884,2024-06-08,2025-05-02,2025-09-07,CBE 191,valide,yako,agent
POL730271,2020-07-03,2024-05-28,2024-07-08,2TUD 01,annulé,yako,courtier
POL630775,2020-07-19,2022-01-16,2022-09-29,237A9,valide,akwaba,direct
POL684952,2022-10-14,2022-10-25,2024-04-24,XWR-0801,valide,akwaba,agent
POL790600,2023-08-20,2024-04-26,2024-05-01,374 HOU,suspendu,akwaba,courtier
POL433917,2023-01-12,2023-01-14,2024-03-11,91E SK9,expiré,yako,direct
POL047450,2020-06-18,2025-06-18,2025-06-19,0NS0374,suspendu,yako,direct
POL440375,2022-01-21,2022-07-17,2025-05-03,155 PBL,annulé,akwaba,direct
POL034160,2022-06-19,2024-12-09,2025-01-31,52IO4,annulé,akwaba,courtier
POL950928,2020-04-07,2022-03-12,2023-10-18,R21-43Z,valide,yako,agent
POL785461,2023-06-05,2023-10-20,2024-02-17,KYJ 101,annulé,akwaba,agent
POL094714,2021-01-14,2021-10-13,2025-01-02,TBQ 707,expiré,yako,direct
POL660924,2023-01-04,2025-08-02,2025-08-23,011 DRX,expiré,yako,courtier
POL297445,2021-07-05,2023-03-01,2023-10-03,2SS 948,valide,yako,courtier
POL694233,2023-07-02,2023-10-20,2024-07-03,33-7927L,annulé,akwaba,courtier
POL783901,2023-03-29,2024-07-23,2025-01-31,YFX 721,expiré,akwaba,direct
POL402370,2021-11-03,2025-06-01,2025-08-18,830-AXO,suspendu,yako,direct
POL264727,2023-06-17,2023-07-19,2024-09-18,45C 8845,valide,akwaba,courtier
POL797626,2019-10-25,2025-01-11,2025-07-05,4PG9633,expiré,akwaba,courtier
POL728747,2022-05-23,2022-08-08,2024-09-12,GKV 1347,suspendu,yako,courtier
POL773607,2021-02-10,2023-07-23,2023-11-17,502-NJI,valide,akwaba,courtier
POL578137,2022-05-15,2022-08-28,2025-09-09,HPX 289,suspendu,yako,agent
POL962586,2020-11-29,2025-09-11,2025-09-24,263 FDC,expiré,akwaba,courtier
POL668895,2020-10-19,2023-01-09,2024-01-11,FIM 0647,annulé,yako,agent
POL727429,2023-08-06,2023-09-06,2024-11-22,0O 68373,suspendu,akwaba,direct
POL242112,2020-10-25,2021-02-13,2022-11-23,546 RJP,suspendu,yako,courtier
POL772490,2021-10-13,2025-02-20,2025-03-15,355 XMD,valide,akwaba,courtier
POL322103,2024-06-24,2025-08-13,2025-08-20,DHR2278,expiré,yako,courtier
POL911289,2023-08-26,2025-07-22,2025-09-03,RMK-2006,annulé,akwaba,courtier
POL102634,2023-06-24,2024-08-18,2025-01-05,7DX 939,valide,akwaba,courtier
POL458534,2024-06-08,2025-09-02,2025-09-20,ZMX-349,expiré,akwaba,courtier
POL832252,2024-03-31,2025-01-22,2025-08-08,6Y 4862Y,valide,akwaba,agent
POL041934,2023-06-06,2024-07-08,2024-12-08,OOD-6757,valide,yako,direct
POL223820,2021-12-28,2024-04-13,2025-09-18,639 XVM,valide,yako,agent
POL543020,2021-06-25,2023-08-22,2025-04-30,89-74123,valide,akwaba,agent
POL989883,2021-07-08,2022-02-24,2025-06-30,0527,annulé,yako,courtier
POL333486,2023-11-17,2025-03-28,2025-05-20,284 ER1,annulé,akwaba,direct
POL694609,2022-06-15,2024-04-07,2024-04-16,388-RNY,expiré,akwaba,courtier
POL382822,2020-01-18,2024-12-17,2025-05-12,U65 7QV,annulé,akwaba,agent
POL327909,2020-02-25,2025-04-11,2025-09-04,FRX 331,valide,akwaba,direct
POL918138,2021-09-29,2023-06-28,2024-09-10,VYY-9171,expiré,yako,agent
POL070836,2024-07-12,2025-07-18,2025-08-10,0J AA688,suspendu,yako,courtier
POL387612,2021-07-10,2024-03-08,2025-07-28,608 MWS,annulé,yako,agent
POL696621,2020-06-13,2023-10-11,2025-05-24,OSR 526,annulé,akwaba,agent
POL128377,2021-10-17,2024-12-17,2025-08-23,3-93306F,valide,akwaba,agent
POL216036,2020-05-16,2022-08-01,2025-04-04,45V 530,expiré,akwaba,courtier
POL673851,2021-08-07,2025-03-06,2025-04-27,4U 49264,expiré,yako,agent
POL241877,2022-12-04,2023-05-29,2024-02-18,BTY 076,expiré,yako,agent
POL405902,2021-06-26,2022-10-01,2025-08-05,5WU 099,annulé,yako,direct
POL635279,2021-02-14,2021-03-03,2021-08-14,8MDS318,expiré,yako,courtier
POL115438,2021-03-11,2021-09-10,2022-06-11,310 AYZ,valide,akwaba,direct
POL130827,2022-01-25,2025-08-01,2025-09-18,461 7CX,suspendu,akwaba,courtier
POL674711,2023-07-09,2024-06-20,2025-04-08,201X6,expiré,akwaba,agent
POL679249,2019-10-10,2021-11-09,2025-04-15,4HP 750,valide,akwaba,courtier
POL439158,2021-08-22,2023-04-19,2024-06-06,7O K9891,expiré,akwaba,direct
POL343485,2021-09-21,2023-03-28,2025-09-16,WOU 901,expiré,akwaba,agent
POL009814,2023-04-15,2025-07-01,2025-07-10,7414 YW,expiré,akwaba,direct
POL216062,2024-05-01,2025-06-23,2025-08-22,RAY 8404,valide,yako,agent
POL286960,2022-12-18,2025-06-03,2025-07-14,613KOB,expiré,akwaba,agent
POL946947,2022-04-04,2022-09-08,2023-03-21,79-VM32,suspendu,akwaba,agent
POL915152,2022-08-21,2023-07-18,2025-07-11,PKN 408,annulé,yako,courtier
POL019557,2023-07-17,2025-09-07,2025-09-24,16V 610,valide,yako,agent
POL328272,2020-11-27,2022-05-07,2023-10-04,B62 7CI,suspendu,akwaba,courtier
POL161269,2020-02-19,2020-11-27,2023-04-22,FLA-878,suspendu,akwaba,agent
POL849106,2023-12-23,2025-03-01,2025-03-08,978UJ,annulé,akwaba,direct
POL730492,2023-03-28,2023-12-02,2024-06-17,HRT 830,suspendu,akwaba,courtier
POL892339,2024-02-29,2025-08-13,2025-09-24,4RUH 71,suspendu,akwaba,courtier
POL938583,2021-06-05,2021-09-02,2023-10-24,IJU 262,suspendu,yako,direct
POL362608,2023-07-30,2023-12-01,2024-10-06,78-P307,suspendu,akwaba,courtier
POL017810,2021-11-23,2025-02-22,2025-07-16,8-20236,suspendu,yako,direct
POL655065,2022-08-11,2023-12-13,2025-07-17,LN 5434,annulé,yako,agent
POL952091,2020-11-05,2022-09-09,2023-03-02,8G T4008,valide,akwaba,agent
POL926047,2024-08-14,2024-08-15,2025-09-24,5LA 139,suspendu,akwaba,agent
POL275420,2020-08-01,2024-09-24,2025-04-29,7163 BD,annulé,yako,direct
POL921870,2021-08-25,2024-12-16,2025-01-08,J82 7NP,suspendu,akwaba,courtier
POL761007,2021-07-18,2022-11-01,2025-08-08,8TL 157,valide,akwaba,agent
POL397184,2021-02-18,2023-02-15,2024-10-11,540 FBE,valide,akwaba,direct
POL071230,2023-05-24,2024-06-30,2024-10-17,OFO 984,suspendu,akwaba,direct
POL697463,2021-11-07,2023-07-15,2023-08-02,B70-AVL,suspendu,akwaba,agent
POL618369,2024-03-03,2025-05-27,2025-07-19,BBZ 312,annulé,akwaba,agent
POL719246,2024-04-30,2024-09-13,2024-10-05,62-28959,valide,yako,courtier
POL311603,2023-11-14,2024-05-04,2024-11-10,383-BBWF,expiré,akwaba,agent
POL158812,2020-10-19,2024-07-27,2025-01-26,9QJ1185,expiré,yako,direct
POL758981,2024-03-09,2024-09-15,2024-11-30,6WM W09,expiré,akwaba,direct
POL103023,2024-01-07,2025-03-26,2025-08-13,1F646,expiré,yako,direct
POL417849,2021-04-11,2025-05-01,2025-08-30,RYZ-840,expiré,yako,courtier
POL714075,2023-05-28,2023-10-13,2025-01-13,UBN-0396,expiré,akwaba,agent
POL219502,2019-10-31,2021-04-13,2021-07-06,ZOG 455,valide,akwaba,agent
POL244634,2020-06-29,2023-06-02,2025-06-13,560A,suspendu,yako,direct
POL192582,2024-03-03,2024-07-09,2025-09-22,GZZ-631,expiré,yako,agent
POL784722,2021-07-17,2022-04-09,2023-03-03,4447 BT,annulé,yako,courtier
POL075900,2021-02-03,2021-12-04,2023-04-09,RX5 E7A,suspendu,akwaba,direct
POL004998,2020-05-27,2020-10-03,2024-01-12,72N YD1,suspendu,yako,courtier
POL375795,2020-12-22,2021-01-25,2021-08-14,MKF 732,suspendu,yako,agent
POL640923,2024-08-22,2025-01-08,2025-05-11,3HG I11,suspendu,akwaba,courtier
POL057208,2020-11-25,2025-09-10,2025-09-17,519 4NN,suspendu,yako,courtier
POL105506,2023-07-26,2025-04-18,2025-05-27,403 ZXX,suspendu,akwaba,direct
POL726382,2024-05-28,2025-01-11,2025-05-16,086 MPB,suspendu,yako,agent
POL325723,2024-09-01,2025-03-29,2025-09-05,KWH7922,valide,akwaba,direct
POL858272,2024-02-17,2024-07-29,2025-03-22,CUK 287,annulé,akwaba,direct
POL879729,2021-07-04,2022-02-06,2024-09-15,9-9829O,annulé,akwaba,agent
POL905895,2019-10-28,2022-01-12,2023-10-05,1M DM415,valide,akwaba,agent
POL873585,2024-04-03,2024-11-13,2025-07-01,Q27 8VV,valide,akwaba,courtier
POL503905,2019-12-09,2020-02-18,2023-10-06,LPR-8601,expiré,yako,courtier
POL042186,2020-09-15,2022-10-09,2025-04-09,1E ON531,suspendu,akwaba,direct
POL223261,2019-10-19,2020-04-02,2024-01-13,263 ODY,valide,yako,courtier
POL294421,2024-08-08,2025-04-22,2025-06-19,185433,expiré,akwaba,courtier
POL999779,2023-03-08,2023-05-23,2024-04-03,5FW N07,annulé,akwaba,direct
POL352568,2023-03-09,2024-05-20,2024-05-23,920-HQL,valide,yako,direct
POL582137,2021-01-19,2024-05-05,2025-05-12,DJD 174,suspendu,akwaba,direct
POL004132,2023-06-06,2025-08-30,2025-09-13,718-QQL,expiré,akwaba,courtier
POL780444,2021-10-28,2023-07-30,2025-03-29,20R V71,valide,akwaba,direct
POL495665,2023-05-07,2023-09-16,2023-09-22,83Q•317,valide,yako,agent
POL561539,2022-06-19,2025-02-10,2025-08-29,877 CRW,valide,akwaba,agent
POL580629,2023-01-11,2024-12-09,2025-05-05,353X5,valide,yako,agent
POL389299,2024-06-27,2025-02-25,2025-07-05,940OH,annulé,yako,agent
POL575293,2021-07-17,2025-03-11,2025-07-24,HSQ 301,suspendu,akwaba,courtier
POL153270,2024-01-17,2025-09-24,2025-09-24,025W6,expiré,yako,direct
POL516417,2020-03-10,2022-10-13,2025-08-13,UFK 285,annulé,yako,courtier
POL994518,2020-06-07,2022-07-14,2024-03-15,94-14577,suspendu,yako,direct
POL637269,2023-09-12,2023-10-01,2025-01-25,534 EXO,annulé,yako,direct
POL650774,2021-03-16,2021-09-17,2022-04-22,144 IZN,valide,akwaba,agent
POL450157,2021-09-11,2021-12-24,2024-10-16,G48 7GP,valide,yako,agent
POL494134,2021-11-04,2022-03-07,2022-09-10,L05-27A,suspendu,akwaba,courtier
POL523916,2020-01-14,2021-08-16,2025-08-02,355-TPV,valide,yako,agent
POL627527,2023-07-06,2024-03-06,2024-11-05,2UQ 800,suspendu,yako,direct
POL794990,2021-08-17,2022-07-08,2024-01-16,7AG6234,annulé,yako,agent
POL882768,2022-02-17,2022-02-20,2022-03-22,4AQ 026,annulé,akwaba,agent
POL960113,2022-07-19,2023-04-08,2023-12-20,4OS 530,expiré,yako,agent
POL510499,2020-09-06,2025-05-09,2025-07-17,4YM 098,suspendu,akwaba,direct
POL715446,2023-06-24,2024-06-06,2024-06-17,6B V2094,suspendu,akwaba,agent
POL353703,2024-01-18,2024-11-03,2024-12-28,710 8TP,suspendu,akwaba,courtier
POL390910,2024-03-20,2025-03-11,2025-06-17,099 1IP,valide,yako,agent
POL303975,2023-10-18,2025-06-15,2025-08-16,2-76504,valide,akwaba,direct
POL972516,2022-09-04,2024-06-22,2025-05-28,495120,suspendu,akwaba,agent
POL745686,2024-03-26,2025-04-27,2025-06-07,W96 4PG,expiré,akwaba,courtier
POL285295,2023-12-19,2025-01-02,2025-06-22,991-KTX,valide,yako,direct
POL227389,2023-12-14,2024-05-01,2024-10-30,28SE3,expiré,akwaba,courtier
POL457497,2023-09-05,2025-04-26,2025-07-02,48-9239E,expiré,yako,agent
POL605394,2019-11-23,2021-02-13,2023-02-03,5232,valide,akwaba,courtier
POL367341,2024-06-06,2025-01-06,2025-03-18,72XA190,suspendu,akwaba,direct
POL872280,2024-01-13,2024-08-03,2024-10-26,ZFO 776,valide,yako,direct
POL372062,2021-09-21,2023-03-21,2024-09-04,WWI 155,annulé,yako,courtier
POL198325,2022-12-22,2025-01-13,2025-06-15,512 MUG,valide,yako,direct
POL274690,2022-07-26,2024-10-25,2025-07-10,VWQ-015,suspendu,akwaba,agent
POL867506,2023-07-22,2024-05-16,2025-07-25,OPF-6516,annulé,yako,courtier
POL368135,2023-05-04,2023-07-27,2023-11-03,70EQ2,valide,akwaba,agent
POL938422,2022-03-13,2024-02-25,2025-07-08,1YR Z25,annulé,akwaba,agent
POL407745,2022-07-31,2025-07-31,2025-08-18,0-84320,suspendu,yako,courtier
POL694455,2023-03-25,2024-04-03,2024-10-09,548 DLO,expiré,yako,courtier
POL323886,2024-06-21,2025-03-19,2025-03-31,8-31186,valide,yako,direct
POL359154,2020-08-21,2024-10-01,2025-01-02,9832 XA,annulé,akwaba,direct
POL179304,2021-12-13,2025-05-13,2025-07-09,33QW5,expiré,yako,direct
POL495887,2021-10-19,2021-11-26,2024-02-12,084-MCY,suspendu,akwaba,agent
POL438366,2022-09-07,2025-04-16,2025-08-02,4S D3941,expiré,yako,courtier
POL472407,2021-04-05,2024-04-14,2024-11-28,XNR8543,expiré,akwaba,agent
POL973251,2020-05-27,2021-10-15,2023-09-11,6SN D23,expiré,yako,agent
POL108683,2020-11-26,2022-01-01,2022-09-05,K75 1WB,annulé,yako,courtier
POL148113,2023-02-15,2025-04-07,2025-06-23,41-FS65,expiré,akwaba,direct
POL477672,2020-12-10,2021-03-19,2021-10-10,453-RGB,valide,akwaba,courtier
POL102887,2019-10-15,2024-11-03,2025-08-02,CZT9407,annulé,akwaba,courtier
POL802088,2023-03-11,2023-07-18,2023-10-01,PPI-165,expiré,yako,courtier
POL925914,2022-11-29,2023-10-25,2024-02-12,4-43529,valide,yako,agent
POL029300,2020-03-04,2020-10-03,2025-02-11,016PVW,valide,yako,agent
POL841736,2022-05-02,2025-03-18,2025-09-13,ZOP 276,valide,yako,direct
POL695589,2024-01-14,2024-06-28,2024-11-12,ZGX 786,suspendu,akwaba,courtier
POL654566,2024-07-21,2025-06-07,2025-06-28,3Y 6529L,expiré,yako,direct
POL808543,2020-04-29,2024-01-20,2024-02-21,69SH2,expiré,yako,agent
POL730227,2019-10-09,2021-09-20,2021-12-21,746 GBV,valide,yako,courtier
POL448920,2021-03-10,2024-02-02,2025-09-21,6-Z0516,annulé,yako,agent
POL418991,2022-03-01,2023-12-19,2025-03-28,279 YZ4,annulé,akwaba,direct
POL153221,2023-01-02,2024-10-05,2025-07-23,AXH6448,suspendu,akwaba,direct
POL480798,2020-02-28,2022-11-15,2023-04-28,EXO 025,expiré,yako,courtier
POL478528,2020-03-22,2021-11-02,2023-06-24,HPH-9363,suspendu,yako,agent
POL817965,2022-02-02,2022-05-10,2023-01-05,69-50310,valide,akwaba,agent
POL135328,2022-02-18,2024-07-05,2025-01-28,4167,suspendu,akwaba,agent
POL553318,2024-06-30,2024-09-20,2024-10-12,GKH-2363,suspendu,akwaba,courtier
POL486166,2021-01-07,2021-09-01,2024-07-02,364-YGUL,suspendu,yako,direct
POL687518,2022-11-04,2023-01-02,2025-06-20,3HU8221,valide,akwaba,agent
POL596073,2020-12-05,2025-01-22,2025-05-06,80-8783P,expiré,akwaba,direct
POL195190,2023-11-22,2025-09-05,2025-09-16,RVJ 411,expiré,yako,agent
POL921939,2024-04-22,2025-02-01,2025-07-08,KPN 868,suspendu,akwaba,direct
POL686186,2021-01-03,2025-07-21,2025-08-13,4NX4481,expiré,akwaba,agent
POL246689,2022-05-11,2025-07-27,2025-09-01,BDN0706,annulé,akwaba,direct
POL447238,2020-05-21,2020-07-19,2021-12-08,453-KSH,annulé,akwaba,agent
POL298915,2022-01-31,2025-05-16,2025-05-25,09-4529Y,expiré,yako,agent
POL405779,2024-06-24,2024-11-09,2025-02-28,259 7JM,valide,akwaba,agent
POL200104,2020-07-22,2020-10-04,2024-03-14,151-LER,annulé,yako,direct
POL282093,2021-05-20,2024-05-29,2024-06-01,24-89602,expiré,yako,courtier
POL998435,2021-05-05,2022-02-09,2022-03-25,LPI 609,suspendu,yako,agent
POL347301,2022-05-11,2023-12-14,2024-09-03,296 HWT,annulé,akwaba,agent
POL370006,2022-09-11,2023-11-29,2025-07-02,14E 567,expiré,yako,direct
POL753205,2022-02-16,2025-04-16,2025-05-04,97-9072P,expiré,yako,courtier
POL480573,2023-12-30,2025-09-19,2025-09-22,KKD 481,valide,akwaba,agent
POL734817,2023-10-12,2025-02-04,2025-07-02,5HG0702,expiré,akwaba,direct
POL418881,2021-02-08,2023-06-11,2025-06-12,8OZ V29,valide,akwaba,courtier
POL150524,2023-08-14,2024-01-26,2024-12-05,BU-6263,suspendu,akwaba,courtier
POL676043,2023-10-28,2025-08-29,2025-09-20,606 RRH,annulé,yako,direct
POL965803,2020-02-18,2023-04-03,2025-06-12,36BA664,expiré,yako,agent
POL966414,2024-06-08,2025-06-24,2025-07-30,4678,suspendu,akwaba,courtier
POL409599,2021-08-10,2025-03-06,2025-09-11,8EXP 02,valide,akwaba,courtier
POL904829,2020-12-26,2021-01-22,2023-09-13,697-861,suspendu,yako,courtier
POL776194,2021-01-14,2023-07-18,2024-12-03,IWW 009,suspendu,akwaba,courtier
POL403615,2019-12-24,2024-07-12,2024-12-24,L33-LSK,annulé,akwaba,direct
POL927684,2020-01-23,2020-10-01,2022-01-29,98AE1,suspendu,akwaba,agent
POL751412,2022-03-14,2024-06-15,2024-12-08,DLM-4585,annulé,yako,courtier
POL080701,2021-06-11,2022-09-20,2024-01-18,8BVN915,expiré,yako,direct
POL621299,2022-01-25,2023-11-26,2024-10-27,201-743,valide,akwaba,direct
POL124239,2021-08-06,2022-03-10,2022-09-16,8TR X52,expiré,akwaba,agent
POL611514,2023-01-29,2025-07-12,2025-08-04,M36 7MB,expiré,yako,direct
POL245405,2023-04-08,2024-05-28,2025-08-20,JFC 882,suspendu,akwaba,direct
POL412203,2024-05-05,2025-02-23,2025-05-21,2E 5072V,suspendu,yako,direct
POL679635,2020-01-15,2024-03-08,2024-07-26,XVD 302,suspendu,yako,direct
POL439407,2022-02-14,2023-09-29,2025-05-11,34-9200C,annulé,akwaba,direct
POL744514,2021-11-15,2022-10-02,2025-06-30,81P S66,expiré,yako,direct
POL499465,2021-03-26,2021-09-09,2024-06-10,503DZ,expiré,yako,direct
POL009777,2022-04-11,2024-06-08,2024-10-07,LEE 306,valide,akwaba,courtier
POL855129,2022-10-15,2024-10-06,2024-11-09,HMF 797,expiré,akwaba,direct
POL919745,2020-02-12,2022-12-31,2024-04-27,RVW 724,suspendu,yako,agent
POL817623,2024-02-29,2024-09-12,2025-02-11,GTV-0948,suspendu,akwaba,direct
POL166736,2021-04-21,2021-10-01,2025-04-18,HIP 400,suspendu,yako,agent
POL802965,2023-10-25,2024-07-03,2024-07-19,598 PZE,suspendu,akwaba,courtier
POL323625,2023-12-09,2025-04-09,2025-05-12,VRC 6806,annulé,akwaba,agent
POL240198,2023-05-07,2025-03-18,2025-05-04,EZE-874,annulé,yako,courtier
POL886051,2021-09-28,2024-09-12,2024-10-12,R 543153,valide,akwaba,agent
POL324532,2024-03-17,2024-08-23,2025-02-10,5-D4749,valide,yako,courtier
POL600634,2023-02-13,2023-11-11,2024-01-18,K98-QHB,suspendu,akwaba,courtier
POL567931,2020-05-15,2024-05-06,2025-09-06,HMF J17,annulé,yako,direct
POL468691,2020-09-23,2024-10-30,2025-08-09,C 700942,annulé,yako,courtier
POL168203,2021-10-17,2022-05-06,2024-07-13,37-X044,expiré,yako,courtier
POL043580,2023-03-13,2024-08-22,2024-10-17,926 PZH,annulé,akwaba,agent
POL818590,2020-08-22,2021-07-13,2021-12-04,70-PA24,expiré,yako,courtier
POL845041,2020-05-01,2024-08-13,2025-07-14,9Q 18686,annulé,yako,direct
POL712926,2023-12-23,2025-08-21,2025-09-08,JA0 4599,suspendu,yako,direct
POL544883,2023-03-29,2024-01-08,2024-07-03,3P QG020,expiré,akwaba,courtier
POL076855,2021-07-04,2025-08-30,2025-09-22,CHV 969,valide,yako,direct
POL438422,2022-11-23,2024-08-24,2025-03-02,53AR621,annulé,yako,courtier
POL046611,2024-09-15,2024-09-28,2025-05-14,844-710,valide,akwaba,courtier
POL216810,2023-03-13,2025-05-17,2025-07-05,ZCA-4830,annulé,akwaba,direct
POL888890,2021-06-07,2024-09-23,2024-09-24,7NM96,suspendu,akwaba,agent
POL412901,2023-11-20,2025-03-26,2025-04-20,4P 1Z5KBD,expiré,yako,agent
POL023966,2023-07-08,2024-07-22,2025-03-08,O39-63A,valide,akwaba,courtier
POL842118,2023-11-21,2025-02-13,2025-08-11,PKO 420,valide,yako,direct
POL022757,2019-09-28,2023-02-24,2024-02-14,62A 168,suspendu,akwaba,direct
POL032484,2021-07-31,2024-05-13,2024-06-22,9-36612W,suspendu,akwaba,agent
POL902777,2022-04-28,2024-11-14,2025-08-26,ET4 V8V,annulé,akwaba,direct
POL785164,2022-10-22,2024-09-26,2024-11-21,VVO-075,annulé,yako,agent
POL900547,2021-06-02,2022-07-15,2025-07-05,EMA 262,valide,akwaba,courtier
POL475531,2024-05-21,2024-06-17,2025-06-21,U 392730,expiré,yako,agent
POL760301,2020-07-22,2024-02-23,2024-06-24,59-7632Z,valide,yako,courtier
POL717633,2022-04-02,2025-05-17,2025-07-17,JX-5594,suspendu,akwaba,courtier
POL616420,2023-04-23,2024-05-20,2024-05-27,0B545,valide,akwaba,direct
POL864553,2020-06-09,2021-03-30,2021-05-11,1-10220,expiré,yako,courtier
POL120745,2020-06-11,2025-05-19,2025-08-02,CNU-337,expiré,akwaba,agent
POL979469,2024-02-28,2024-07-02,2024-10-18,191 KXB,valide,yako,direct
POL454741,2020-02-21,2021-08-06,2024-01-28,UQI-5692,valide,yako,direct
POL988811,2022-08-21,2025-01-16,2025-08-05,8MFV 16,suspendu,akwaba,courtier
POL500499,2019-10-29,2021-04-30,2022-05-21,3XLE 01,annulé,yako,direct
POL345186,2022-04-22,2023-05-10,2023-07-29,PAT 825,annulé,yako,agent
POL327861,2023-06-15,2025-03-20,2025-03-23,TMR 020,suspendu,yako,agent
POL992513,2023-08-23,2024-06-15,2024-06-27,CNY2875,expiré,akwaba,courtier
POL548908,2020-01-04,2024-09-27,2024-11-08,6RRQ846,annulé,akwaba,direct
POL339944,2021-05-01,2024-06-01,2025-01-27,IMM-139,suspendu,yako,direct
POL365427,2022-11-08,2025-01-24,2025-09-13,484 TDS,expiré,akwaba,direct
POL654453,2023-05-01,2024-01-08,2024-01-16,160 LBP,suspendu,akwaba,courtier
POL058880,2021-04-03,2021-06-16,2024-10-07,OB 7703,expiré,yako,agent
POL305822,2024-04-06,2025-06-24,2025-07-22,EJR3267,suspendu,akwaba,courtier
POL243306,2019-12-18,2022-10-20,2022-12-28,8OY57,expiré,yako,courtier
POL457783,2024-06-08,2024-12-08,2025-06-30,571 0KV,annulé,akwaba,courtier
POL162294,2024-06-20,2025-08-30,2025-09-07,916-GKUH,valide,akwaba,direct
POL583401,2021-07-09,2024-05-16,2024-10-12,HGU 766,suspendu,akwaba,direct
POL503075,2022-04-21,2024-10-18,2024-10-26,8T NA731,annulé,yako,agent
POL766504,2021-11-20,2023-05-27,2024-10-13,PO 1026,suspendu,akwaba,direct
POL195296,2021-08-19,2023-09-16,2024-01-26,3KX 686,suspendu,akwaba,agent
POL651456,2022-02-07,2022-07-07,2022-12-04,F48-80C,expiré,akwaba,agent
POL143677,2023-05-01,2024-12-24,2025-01-28,01I•864,valide,yako,direct
POL148466,2021-07-04,2022-02-01,2023-12-09,QLD A60,annulé,yako,agent
POL564195,2022-11-11,2025-08-07,2025-09-07,189Q,annulé,akwaba,direct
POL364316,2023-10-03,2025-03-03,2025-03-09,82J E88,expiré,akwaba,agent
POL968726,2022-12-18,2025-09-12,2025-09-16,654 9052,valide,akwaba,courtier
POL926686,2023-05-25,2023-07-09,2025-02-26,7-4720G,valide,yako,courtier
POL694939,2023-09-21,2024-09-22,2025-06-05,336 PSJ,expiré,yako,agent
POL676383,2021-09-28,2021-11-26,2024-10-16,583J9,expiré,yako,courtier
POL146079,2019-12-11,2025-06-15,2025-07-04,3HQ Z89,suspendu,akwaba,agent
POL425509,2023-09-10,2024-12-23,2025-02-01,889 NYO,suspendu,yako,direct
POL687154,2020-09-19,2021-08-15,2024-12-21,ZVM 861,suspendu,yako,courtier
POL693657,2023-12-10,2024-11-29,2024-12-04,VOT-2970,expiré,yako,direct
POL598738,2024-01-06,2024-02-27,2024-12-04,KLO 245,valide,yako,direct
POL271472,2024-09-10,2024-10-05,2025-03-05,996C,expiré,akwaba,courtier
POL373913,2024-07-06,2024-10-28,2025-03-10,LNE-3619,suspendu,akwaba,direct
POL046401,2022-02-13,2024-06-11,2024-12-02,333C2,annulé,akwaba,agent
POL788903,2020-04-07,2022-03-04,2023-01-01,8XK98,annulé,akwaba,agent
POL600053,2022-06-27,2022-10-13,2022-11-14,968 QUR,valide,yako,courtier
POL198421,2024-05-03,2025-05-19,2025-08-02,02-SO41,valide,yako,courtier
POL110330,2024-06-28,2025-03-21,2025-06-02,KSL 354,valide,yako,courtier
POL743961,2023-12-08,2024-08-03,2025-03-28,DLH 091,valide,akwaba,courtier
POL920689,2020-06-30,2021-08-29,2025-03-15,942-297,annulé,akwaba,courtier
POL296366,2020-08-23,2021-09-03,2024-05-26,QA 2866,valide,yako,courtier
POL948497,2020-10-08,2023-11-23,2025-03-08,5PQ6054,expiré,akwaba,agent
POL567265,2023-03-06,2024-01-18,2024-10-16,FXK 571,valide,yako,courtier
POL618292,2019-10-27,2024-05-20,2025-03-01,117-KRV,valide,akwaba,direct
POL155474,2023-10-04,2024-10-20,2025-02-23,4OW6988,suspendu,yako,agent
POL838834,2023-09-16,2024-01-21,2024-03-23,T 626083,valide,akwaba,agent
POL341847,2024-01-03,2024-07-10,2025-01-21,DJW 636,valide,akwaba,agent
POL884106,2022-12-05,2024-02-27,2025-05-10,827 0GK,expiré,yako,courtier
POL326379,2020-09-14,2022-08-04,2023-06-16,0ML H54,valide,akwaba,agent
POL781621,2024-06-22,2025-04-16,2025-05-08,095 UCQ,annulé,yako,agent
POL232710,2022-02-17,2022-06-25,2025-07-09,436 YXE,suspendu,yako,direct
POL910875,2023-05-30,2023-09-06,2024-07-29,70I 048,valide,akwaba,agent
POL767538,2023-05-12,2023-11-22,2025-06-21,17-00128,annulé,yako,direct
POL454305,2021-02-21,2022-04-07,2025-06-17,427-YAO,expiré,yako,direct
POL376420,2021-09-15,2025-08-08,2025-09-05,0544,expiré,akwaba,agent
POL621157,2023-03-07,2024-03-01,2024-07-09,YNV 845,expiré,akwaba,agent
POL506644,2021-03-08,2024-02-05,2024-08-14,B41-FIP,valide,akwaba,direct
POL964936,2023-09-28,2025-05-24,2025-08-16,8NS 612,suspendu,akwaba,direct
POL276405,2020-09-21,2024-11-27,2025-07-24,65-0523Q,suspendu,akwaba,direct
POL057149,2022-04-03,2023-03-12,2023-09-28,HV2 X5V,expiré,yako,agent
POL570021,2023-09-26,2023-10-05,2025-02-03,6-56772G,expiré,yako,agent
POL825476,2024-09-06,2025-07-14,2025-08-07,C39-VRM,suspendu,akwaba,courtier
POL459311,2021-08-06,2024-04-22,2025-05-13,FP7 4822,suspendu,akwaba,agent
POL770107,2023-07-11,2024-07-31,2025-06-27,535 4189,expiré,yako,direct
POL717264,2022-02-05,2022-08-08,2023-03-10,XO-2365,expiré,akwaba,direct
POL754631,2022-02-22,2024-12-18,2025-08-11,GQI 863,suspendu,akwaba,agent
POL751353,2021-05-20,2024-10-29,2025-01-04,PL5 Q4S,valide,akwaba,direct
POL988750,2019-11-28,2021-01-29,2022-11-08,740125,valide,yako,direct
POL517585,2020-08-20,2022-12-14,2023-06-23,529 GTN,valide,yako,agent
POL171244,2024-04-02,2024-06-17,2025-06-21,CZQ 322,valide,akwaba,courtier
POL249521,2020-03-12,2023-05-06,2025-06-23,902 6016,valide,akwaba,direct
POL933464,2019-11-19,2019-12-25,2022-07-01,YJD-3888,suspendu,yako,direct
POL719930,2022-11-08,2024-03-16,2024-05-17,3VT98,suspendu,akwaba,agent
POL431297,2023-06-12,2024-12-11,2025-05-10,8MB A64,expiré,yako,direct
POL145585,2020-12-23,2024-01-13,2024-04-16,VA 8939,expiré,akwaba,courtier
POL762762,2020-12-28,2022-08-16,2024-04-11,13NY363,expiré,akwaba,courtier
POL636647,2021-07-21,2023-05-29,2024-10-08,LIU-613,suspendu,yako,agent
POL921514,2022-07-13,2023-01-25,2024-04-28,DRH 1879,annulé,akwaba,direct
POL121932,2024-03-04,2025-09-04,2025-09-17,BWC-400,annulé,yako,courtier
POL601212,2020-10-18,2024-08-20,2025-04-29,93C RH2,annulé,akwaba,courtier
POL230640,2020-05-21,2022-05-28,2024-12-17,9J 87440,valide,yako,courtier
POL666781,2022-01-05,2024-12-11,2025-02-14,J22-38Y,valide,akwaba,agent
POL039644,2022-01-11,2023-08-14,2025-07-30,T95-QGX,annulé,akwaba,agent
POL650800,2021-05-01,2021-05-17,2022-07-30,L66-42Q,expiré,akwaba,courtier
POL446129,2023-07-06,2024-06-27,2025-05-12,WWF 022,expiré,akwaba,agent
POL459421,2023-11-16,2025-09-19,2025-09-23,6842 IO,annulé,akwaba,agent
POL761091,2023-08-26,2023-11-17,2024-04-23,366 GXA,suspendu,yako,courtier
POL620081,2021-05-13,2025-01-25,2025-05-28,06-9610C,expiré,yako,agent
POL848073,2021-10-24,2022-05-09,2024-02-05,FC1 4524,valide,yako,courtier
POL639611,2020-10-11,2022-06-19,2025-06-10,28D D17,expiré,akwaba,courtier
POL274101,2022-01-17,2024-04-26,2025-01-20,68-0466L,annulé,yako,courtier
POL182789,2024-03-29,2025-08-28,2025-08-29,094464,annulé,yako,direct
POL629250,2021-01-04,2022-11-16,2023-04-06,281-VNLX,annulé,yako,direct
POL319712,2020-10-16,2021-03-28,2022-12-26,99J H12,expiré,yako,direct
POL172464,2024-03-17,2025-07-12,2025-09-10,PJ-8386,valide,yako,agent
POL793470,2019-12-17,2022-09-01,2024-01-29,8PW 850,suspendu,yako,direct
POL514074,2024-03-04,2025-08-17,2025-08-21,6P 61804,annulé,yako,courtier
POL985928,2022-07-04,2023-05-03,2023-09-24,89-9459Z,suspendu,yako,direct
POL718883,2024-06-24,2025-04-18,2025-08-27,VAW-880,suspendu,yako,agent
POL895368,2023-12-28,2024-12-02,2025-04-08,TX8 Y0U,expiré,yako,courtier
POL426584,2022-03-16,2022-10-17,2023-09-05,154 YQT,annulé,akwaba,courtier
POL660140,2021-11-18,2023-02-24,2024-08-01,Y 825551,valide,yako,agent
POL549772,2021-04-24,2022-07-30,2025-05-14,031 RRK,expiré,akwaba,direct
POL903256,2023-11-17,2024-11-15,2024-11-15,QDR-483,suspendu,akwaba,courtier
POL736938,2019-12-14,2019-12-23,2019-12-29,DM 3440,suspendu,yako,courtier
POL766493,2020-09-24,2025-02-17,2025-04-07,FXM 670,valide,akwaba,direct
POL013562,2023-07-31,2025-06-05,2025-09-19,6W 7997K,valide,yako,agent
POL381986,2019-12-10,2024-03-15,2024-03-18,6R X0204,annulé,akwaba,courtier
POL743061,2023-01-30,2025-07-01,2025-09-09,2-E8809,annulé,akwaba,courtier
POL282874,2022-09-26,2024-12-10,2025-05-23,553-PXR,valide,yako,direct
POL753148,2024-01-05,2025-05-24,2025-08-08,1JU1226,valide,yako,agent
POL238610,2022-09-30,2023-05-22,2025-07-21,7WS1785,annulé,yako,agent
POL950308,2022-02-14,2025-03-24,2025-08-21,WXC-340,expiré,akwaba,agent
POL645551,2023-11-02,2023-12-21,2025-07-01,919 6FT,expiré,akwaba,direct
POL529369,2023-05-20,2025-01-13,2025-05-28,3-G9472,expiré,akwaba,direct
POL778419,2023-06-01,2025-05-20,2025-05-20,5ELY013,suspendu,yako,agent
POL840922,2023-05-10,2024-06-26,2025-06-13,MPC 905,annulé,yako,agent
POL795993,2022-12-26,2024-08-23,2025-05-25,GW7 F3D,valide,yako,agent
POL639130,2022-05-18,2025-05-06,2025-06-05,9K 7649V,expiré,akwaba,courtier
POL286385,2022-09-30,2024-11-01,2025-05-08,RUV 497,expiré,akwaba,direct
POL370551,2023-09-17,2023-12-04,2024-03-11,31Q•490,valide,akwaba,agent
POL959149,2024-04-29,2024-08-24,2024-10-24,782ZU,suspendu,akwaba,courtier
POL814907,2023-04-22,2024-01-22,2024-08-17,598 IVJ,suspendu,yako,direct
POL337500,2023-10-14,2023-11-07,2024-02-12,223 WJI,annulé,yako,courtier
POL148620,2019-10-07,2022-03-25,2023-07-15,DGK 481,valide,akwaba,courtier
POL094984,2020-07-10,2022-08-28,2024-11-06,57-KS04,valide,akwaba,agent
POL629718,2024-03-15,2024-11-06,2025-05-07,8613 PF,suspendu,yako,direct
POL813469,2021-10-07,2024-03-12,2024-10-04,8-72313,suspendu,akwaba,courtier
POL743908,2024-06-16,2024-12-16,2024-12-22,0UQD 05,annulé,yako,agent
POL652080,2019-12-11,2022-06-23,2023-06-27,NF5 8681,annulé,yako,agent
POL944667,2022-05-13,2023-12-18,2024-03-11,5UI X43,annulé,akwaba,direct
POL707623,2020-01-26,2022-12-07,2025-04-24,0FX 352,suspendu,yako,courtier
POL048087,2020-05-18,2023-08-24,2024-10-21,874 1JI,annulé,yako,direct
POL598697,2020-08-12,2022-06-27,2023-06-06,270 VQB,annulé,akwaba,courtier
POL040625,2023-02-01,2025-07-05,2025-07-30,6-1561A,expiré,yako,direct
POL793216,2024-06-09,2025-02-19,2025-04-03,6W 55108,annulé,akwaba,courtier
POL319789,2022-10-25,2023-07-27,2024-06-04,HCF 729,expiré,akwaba,direct
POL391515,2021-08-22,2025-03-03,2025-05-07,K33 8EF,expiré,akwaba,courtier
POL474984,2021-08-25,2021-11-09,2023-10-30,8D 6858G,suspendu,akwaba,direct
POL210567,2019-11-19,2020-02-09,2021-05-29,8WPF769,annulé,yako,courtier
POL797589,2020-10-23,2021-07-30,2023-07-16,TP 71682,suspendu,yako,agent
POL675368,2022-12-01,2024-05-27,2025-01-18,AVC-9326,annulé,yako,agent
POL489691,2022-05-21,2025-01-21,2025-03-09,PMS7898,annulé,akwaba,direct
POL718909,2022-04-25,2024-11-21,2025-06-18,499-216,annulé,yako,direct
POL917570,2020-10-24,2022-02-23,2022-11-10,4-06625R,valide,yako,agent
POL223112,2024-05-24,2025-06-29,2025-08-24,CDU 708,annulé,akwaba,direct
POL903006,2022-04-17,2025-07-19,2025-09-07,JTF-414,annulé,yako,direct
POL134621,2021-05-16,2025-05-29,2025-09-05,CS 63687,suspendu,yako,agent
POL212974,2023-02-14,2024-02-19,2025-08-18,91-O004,valide,yako,direct
POL679276,2023-02-27,2023-05-03,2024-10-19,NIH 213,annulé,akwaba,courtier
POL104306,2020-02-26,2025-07-04,2025-08-22,99K•598,suspendu,yako,direct
POL136746,2023-01-13,2024-08-13,2025-05-28,THK 556,suspendu,yako,agent
POL402527,2023-01-07,2023-07-01,2024-10-29,715 2RB,expiré,yako,direct
POL763161,2021-05-11,2022-04-22,2022-08-13,CR-2462,valide,yako,direct
POL228767,2023-07-20,2024-02-01,2024-06-13,I84 9RZ,annulé,akwaba,direct
POL268143,2022-06-25,2023-04-12,2025-04-25,180NLW,suspendu,akwaba,courtier
POL241017,2023-12-09,2025-05-13,2025-09-15,30D F63,expiré,akwaba,courtier
POL165276,2020-04-22,2025-06-05,2025-09-02,FU6 5873,valide,akwaba,courtier
POL896623,2022-11-21,2024-01-19,2024-12-29,89Z I41,valide,akwaba,courtier
POL583286,2021-05-18,2023-12-28,2025-08-02,966 VRN,suspendu,akwaba,direct
POL822145,2023-12-02,2025-01-09,2025-03-09,936-QOE,suspendu,akwaba,direct
POL588596,2021-03-20,2024-01-30,2024-07-16,63M 8969,expiré,yako,direct
POL985195,2022-04-23,2024-09-29,2025-01-24,815-SLX,annulé,akwaba,agent
POL435793,2020-04-06,2024-03-31,2024-11-30,69E 7372,suspendu,akwaba,courtier
POL150677,2021-06-17,2025-05-19,2025-07-21,PCR 773,suspendu,yako,courtier
POL744105,2020-11-22,2021-09-12,2023-11-16,091-293,expiré,yako,agent
POL863250,2024-02-08,2024-05-26,2024-09-30,541MT,annulé,akwaba,direct
POL740122,2023-03-18,2023-08-30,2024-03-10,ZX-4358,annulé,akwaba,direct
POL439553,2020-04-11,2025-03-05,2025-09-15,5ZH3648,suspendu,akwaba,agent
POL993686,2023-07-22,2024-12-06,2025-07-15,P64-65L,valide,akwaba,courtier
POL945313,2024-02-25,2024-03-10,2025-06-28,XHK 118,annulé,akwaba,courtier
POL473687,2024-03-04,2025-04-01,2025-06-16,GCJ-8009,valide,yako,agent
POL326382,2023-11-10,2024-05-26,2025-07-12,433 3OL,valide,akwaba,courtier
POL179426,2020-07-17,2021-02-13,2025-06-01,RJL 090,valide,yako,direct
POL082601,2022-08-07,2024-02-29,2025-02-07,GDD 756,expiré,yako,courtier
POL336775,2023-12-22,2024-12-22,2025-09-18,MMG 209,annulé,akwaba,courtier
POL632859,2022-07-05,2023-06-20,2023-10-10,504 LOJ,annulé,akwaba,courtier
POL613535,2020-05-04,2022-01-28,2025-03-01,0D 4F2QOQ,expiré,akwaba,agent
POL724649,2021-05-11,2023-11-29,2024-08-22,ZXT 357,expiré,akwaba,direct
POL406670,2023-05-17,2025-02-16,2025-09-20,2NL U75,annulé,akwaba,direct
POL272885,2023-03-22,2024-01-29,2024-02-26,WRS T55,annulé,akwaba,direct
POL746717,2023-01-15,2023-09-03,2023-11-14,028 ISC,valide,akwaba,direct
POL164355,2021-12-11,2024-04-21,2025-03-30,747-CBG,suspendu,akwaba,agent
POL551486,2024-02-04,2024-04-23,2024-11-23,6TU 154,suspendu,akwaba,courtier
POL953204,2020-08-20,2021-03-08,2023-01-15,950 BQ5,annulé,yako,direct
POL404095,2019-11-30,2021-04-09,2022-10-01,HFG 105,valide,akwaba,agent
POL975272,2023-01-15,2024-12-13,2025-08-14,325 VIN,suspendu,akwaba,agent
POL116973,2022-08-26,2024-03-13,2024-04-11,95W K34,annulé,akwaba,agent
POL020738,2023-02-21,2023-07-19,2023-08-12,33E Y56,annulé,akwaba,agent
POL091267,2022-04-25,2025-07-08,2025-09-22,MTX 994,suspendu,yako,agent
POL485306,2023-02-27,2023-08-03,2024-03-21,I81-57W,expiré,yako,direct
POL662262,2022-01-22,2025-05-03,2025-07-27,0QV2045,expiré,akwaba,agent
POL846088,2020-11-01,2020-12-03,2025-01-12,21C 0421,expiré,yako,courtier
POL963086,2020-07-22,2023-05-02,2024-12-03,6-84420V,expiré,yako,direct
POL217351,2023-02-17,2025-07-04,2025-09-03,439-KZA,annulé,akwaba,direct
POL421583,2022-07-29,2024-11-27,2025-07-04,38R 5664,valide,akwaba,courtier
POL869095,2021-12-11,2023-07-24,2025-06-24,3WJ 937,suspendu,akwaba,agent
POL976849,2021-09-16,2023-06-25,2025-09-17,RQD 175,suspendu,akwaba,direct
POL608699,2023-05-28,2023-12-04,2025-08-10,214-HYJ,annulé,yako,agent
POL513074,2022-03-11,2023-09-01,2024-07-25,VFP-715,expiré,akwaba,courtier
POL361841,2022-09-06,2024-06-06,2024-12-17,6M 05937,annulé,akwaba,agent
POL181163,2022-09-29,2024-06-10,2024-08-17,9C 46020,annulé,yako,courtier
POL909212,2022-02-24,2025-09-09,2025-09-14,LDY-7295,suspendu,yako,courtier
POL781010,2024-05-08,2025-07-11,2025-08-31,453-JCW,suspendu,yako,courtier
POL205938,2023-01-13,2024-03-30,2024-10-21,KYK 631,annulé,akwaba,direct
POL686181,2020-06-27,2022-07-25,2023-10-27,8GJ O15,valide,akwaba,direct
POL893163,2022-01-26,2025-04-21,2025-07-30,EAG 515,valide,yako,direct
POL614372,2024-01-12,2024-03-22,2025-08-20,PMP 743,valide,akwaba,direct
POL193640,2024-08-27,2025-01-16,2025-02-10,7QZ61,suspendu,akwaba,direct
POL842503,2021-02-18,2023-06-09,2024-10-28,1GT W02,annulé,yako,direct
POL274099,2022-03-06,2024-08-27,2025-08-19,7W EE783,expiré,yako,direct
POL880609,2021-07-07,2024-09-23,2025-01-04,IFY 742,expiré,yako,direct
POL910691,2021-10-09,2024-11-28,2025-08-13,LL6 J4W,valide,akwaba,courtier
POL730603,2020-03-29,2023-03-31,2023-11-20,98SG7,expiré,akwaba,direct
POL154150,2022-07-07,2023-04-21,2023-11-26,3993,suspendu,akwaba,courtier
POL905056,2020-08-25,2024-09-17,2025-05-29,3-6096P,expiré,yako,direct
POL875886,2022-09-06,2023-04-30,2024-08-29,135 IPO,valide,akwaba,agent
POL074606,2020-06-14,2022-10-26,2023-08-22,LRP 526,expiré,yako,courtier
POL661316,2020-05-22,2022-08-22,2023-04-09,3352 MM,valide,akwaba,agent
POL852327,2023-02-15,2024-08-04,2025-08-15,6VZ0505,annulé,yako,courtier
POL423762,2022-08-22,2022-12-15,2025-03-12,9HL1292,annulé,akwaba,courtier
POL726830,2024-02-20,2024-08-06,2025-03-06,3-V2029,annulé,akwaba,agent
POL505600,2022-07-23,2025-08-23,2025-09-14,9H 16787,valide,yako,direct
POL262677,2022-04-02,2023-08-07,2024-07-14,70S 9700,valide,akwaba,direct
POL828072,2021-05-12,2021-12-29,2024-12-12,QI-2070,expiré,yako,direct
POL138692,2020-09-15,2024-06-13,2024-07-31,135 MMY,annulé,yako,direct
POL946687,2022-09-10,2025-06-18,2025-07-22,ZHY 529,expiré,akwaba,agent
POL527344,2024-03-01,2024-03-11,2025-07-26,VPY D68,expiré,akwaba,agent
POL490199,2022-01-05,2022-06-16,2024-09-28,942-441,annulé,yako,agent
POL994729,2023-07-28,2023-08-22,2024-12-06,26-2268W,annulé,akwaba,agent
POL081356,2022-09-28,2024-02-08,2025-06-13,238 GWS,suspendu,akwaba,direct
POL526147,2020-06-29,2023-08-20,2025-04-01,09-34643,expiré,akwaba,agent
POL563677,2022-03-04,2023-04-03,2025-06-21,UC8 4503,annulé,yako,courtier
POL792735,2022-11-14,2025-05-02,2025-06-09,DD-8250,expiré,yako,courtier
POL636478,2021-12-14,2025-04-07,2025-04-14,50-P916,annulé,yako,agent
POL121203,2022-12-05,2023-08-15,2025-08-24,BUF 467,expiré,akwaba,agent
POL445736,2023-12-03,2024-09-27,2025-02-16,G 089617,expiré,akwaba,courtier
POL851264,2021-01-12,2025-01-06,2025-09-03,NJW-6079,expiré,yako,courtier
POL660387,2022-05-02,2022-07-27,2023-02-17,ZHB 529,expiré,yako,agent
POL387541,2021-07-18,2022-05-25,2022-11-22,138ZHB,expiré,yako,direct
POL733576,2024-04-25,2024-07-12,2025-07-28,9EC 566,expiré,yako,courtier
POL596992,2020-02-19,2022-05-29,2022-11-16,Y47 7TI,suspendu,yako,direct
POL265418,2024-06-28,2025-07-15,2025-08-23,LWG-1377,valide,yako,courtier
POL775025,2021-02-07,2022-05-24,2024-02-12,L 842452,valide,yako,agent
POL601087,2019-09-28,2022-06-03,2023-05-09,UX-6438,valide,yako,direct
POL408720,2021-02-06,2022-05-05,2024-12-20,454 RB0,annulé,akwaba,agent
POL111647,2024-06-15,2024-10-06,2025-02-27,TMO 917,suspendu,akwaba,agent
POL765303,2024-09-24,2024-11-04,2025-07-01,4KM R75,valide,akwaba,direct
POL934881,2020-02-12,2023-10-30,2025-01-23,QBN 413,suspendu,akwaba,courtier
POL901364,2022-09-22,2025-04-30,2025-07-08,478NWT,suspendu,yako,direct
POL303448,2022-12-23,2022-12-23,2024-12-08,EP-4078,annulé,yako,courtier
POL552864,2021-09-18,2023-11-14,2024-10-13,385-341,valide,akwaba,agent
POL307347,2024-08-19,2024-09-30,2025-09-13,SM 96530,valide,yako,agent
POL992121,2021-02-09,2023-01-09,2023-05-11,44SD784,annulé,yako,direct
POL557446,2020-06-25,2023-02-08,2024-01-03,5986,annulé,akwaba,agent
POL685614,2024-06-04,2024-08-06,2025-03-12,0PO 488,suspendu,akwaba,direct
POL665873,2024-08-19,2025-08-15,2025-09-20,YDR-6010,expiré,yako,courtier
POL391191,2020-03-29,2021-04-29,2023-10-23,591BDU,annulé,akwaba,direct
POL224837,2020-12-03,2024-08-29,2025-07-06,10-VW27,expiré,yako,agent
POL067228,2024-03-01,2025-09-02,2025-09-09,KNY 867,valide,yako,courtier
POL015691,2023-07-09,2024-12-12,2025-04-13,156GD,valide,akwaba,agent
POL395703,2020-07-03,2021-10-02,2023-03-05,3X 8S3SPT,expiré,akwaba,agent
POL599366,2022-07-05,2022-09-07,2025-07-02,385MVF,valide,yako,courtier
POL304029,2022-02-07,2024-09-27,2025-04-16,KLX2427,valide,akwaba,courtier
POL072347,2022-04-21,2022-07-29,2023-08-12,7XF O91,expiré,yako,direct
POL217314,2021-02-14,2024-02-27,2024-11-15,ZSA 370,valide,yako,agent
POL786074,2021-03-11,2023-10-11,2024-10-02,7C MG500,valide,yako,agent
POL113589,2022-03-30,2022-09-08,2024-08-01,6K755,annulé,akwaba,agent
POL903241,2021-08-03,2025-09-18,2025-09-18,462 LVS,valide,yako,agent
POL049785,2024-07-29,2024-11-28,2024-12-06,705-XCZ,expiré,akwaba,agent
POL685821,2024-03-07,2024-03-22,2024-03-23,0M438,valide,akwaba,direct
POL287511,2024-04-03,2025-04-03,2025-06-30,893 GXM,annulé,akwaba,agent
POL518267,2019-12-04,2021-05-23,2021-12-11,212 MNV,suspendu,yako,direct
POL580413,2023-09-23,2024-03-23,2024-07-28,5J 5113O,valide,yako,courtier
POL487960,2020-10-17,2023-08-30,2025-06-29,TVG-1757,annulé,yako,courtier
POL921264,2024-08-13,2025-09-15,2025-09-22,NN7 Y9U,expiré,akwaba,agent
POL604191,2021-06-04,2022-07-02,2022-11-17,EWS-684,valide,yako,agent
POL806076,2022-06-19,2025-08-27,2025-09-19,63-5746F,annulé,akwaba,direct
POL209109,2023-07-02,2025-04-06,2025-08-08,PRM7831,annulé,yako,courtier
POL257399,2020-07-21,2023-07-20,2024-04-14,1-2362D,expiré,akwaba,agent
POL655071,2023-02-13,2024-10-28,2024-11-19,796W,suspendu,akwaba,courtier
POL829721,2023-09-02,2024-12-02,2025-02-12,873 MKW,suspendu,akwaba,agent
POL526209,2022-03-11,2025-06-08,2025-08-21,FKP 646,valide,yako,direct
POL699582,2023-04-15,2025-05-27,2025-09-08,1S XV469,suspendu,yako,direct
POL162514,2020-06-11,2022-06-03,2023-06-12,V66-67H,expiré,yako,direct
POL857589,2020-01-16,2020-02-09,2021-03-11,BMP1678,expiré,akwaba,agent
POL719803,2022-07-13,2022-10-04,2022-12-16,0ZK 721,expiré,akwaba,courtier
POL547946,2022-12-18,2024-05-30,2024-06-28,9O 85822,expiré,yako,agent
POL058019,2023-08-22,2024-01-29,2025-06-23,0-00798O,annulé,yako,agent
POL535816,2023-04-29,2024-06-19,2024-12-15,683 FT2,annulé,yako,courtier
POL461573,2023-01-01,2024-10-28,2024-11-29,D 982994,annulé,yako,direct
POL651434,2020-06-30,2021-04-07,2023-05-09,FJJ 944,expiré,akwaba,courtier
POL676610,2024-02-09,2024-08-08,2025-08-01,034-207,valide,akwaba,courtier
POL083523,2023-11-16,2025-09-15,2025-09-22,YLN X40,annulé,yako,agent
POL571568,2022-05-17,2023-04-09,2024-01-16,97X 781,annulé,akwaba,agent
POL094656,2023-10-20,2024-08-31,2025-05-07,03-9875X,annulé,akwaba,direct
POL216171,2022-07-08,2024-05-12,2024-10-20,8-9397X,suspendu,akwaba,courtier
POL302490,2020-11-13,2024-08-06,2025-08-25,052-243,expiré,akwaba,courtier
POL473071,2021-01-15,2022-05-24,2024-09-22,MGR 857,expiré,yako,direct
POL079713,2023-03-11,2024-10-12,2024-12-16,786584,suspendu,akwaba,agent
POL859514,2022-10-22,2023-05-09,2024-03-28,RXF 268,suspendu,yako,direct
POL164028,2020-06-15,2025-01-03,2025-08-06,57E X83,suspendu,akwaba,direct
POL041319,2021-03-25,2024-04-22,2024-10-23,HAK 528,expiré,yako,courtier
POL548980,2021-03-25,2022-10-11,2024-12-12,538K7,annulé,yako,direct
POL661589,2019-12-21,2023-01-11,2024-02-13,335 YZV,expiré,yako,courtier
POL617346,2024-09-20,2024-12-04,2025-06-23,FO 4440,expiré,yako,direct
POL770167,2022-01-26,2025-09-19,2025-09-19,53W KM3,annulé,yako,direct
POL171854,2022-02-07,2023-01-08,2023-11-12,WYE-414,annulé,akwaba,direct
POL716749,2023-12-10,2025-06-17,2025-06-26,ZLZ-6730,annulé,yako,agent
POL021773,2024-08-29,2024-12-29,2025-03-28,65N H49,expiré,yako,agent
POL792839,2024-02-17,2024-11-03,2025-09-11,9GY5399,annulé,akwaba,courtier
POL479537,2020-10-25,2023-04-02,2024-09-04,223-QDF,annulé,yako,direct
POL500345,2024-03-16,2025-09-19,2025-09-23,6VR0734,valide,akwaba,direct
POL331290,2023-07-08,2023-10-13,2024-02-04,6M 9565G,expiré,yako,courtier
POL568619,2020-09-19,2023-10-16,2025-06-14,35-8267D,valide,yako,agent
POL204917,2024-06-10,2025-09-01,2025-09-04,NY 4326,expiré,akwaba,agent
POL354456,2020-10-12,2025-01-05,2025-04-13,679-666,suspendu,akwaba,agent
POL584719,2020-11-29,2021-12-12,2022-09-23,032 8VU,suspendu,akwaba,agent
POL467941,2022-09-09,2024-07-20,2025-09-08,7HO 682,annulé,yako,agent
POL178899,2021-03-10,2024-07-19,2025-06-26,KWI 236,suspendu,akwaba,courtier
POL729936,2024-01-14,2024-11-23,2025-02-19,497184,suspendu,yako,direct
POL204525,2024-05-22,2024-09-04,2025-01-27,245SD,suspendu,yako,direct
POL448063,2021-05-15,2021-10-23,2022-04-11,RC-7232,suspendu,yako,courtier
POL614311,2024-01-16,2025-03-05,2025-03-11,J61 2LM,expiré,akwaba,agent
POL035895,2021-04-09,2023-11-19,2025-06-26,TCG 362,annulé,akwaba,direct
POL737183,2021-06-08,2022-10-05,2025-03-08,DUO 931,annulé,akwaba,courtier
POL034755,2024-07-03,2024-09-08,2024-11-17,VDN-155,expiré,yako,courtier
POL546898,2024-02-27,2024-07-01,2024-11-16,HHV 046,suspendu,akwaba,direct
POL386827,2020-12-19,2022-12-26,2025-02-14,062WHQ,annulé,akwaba,direct
POL642008,2023-04-18,2023-08-25,2024-12-20,RKB-5879,annulé,akwaba,courtier
POL739444,2024-01-08,2024-10-25,2025-07-23,277-JKG,expiré,akwaba,direct
POL857976,2021-07-22,2022-08-31,2024-12-13,F 808074,annulé,akwaba,direct
POL515622,2020-05-23,2022-04-09,2025-01-10,0CXX 67,suspendu,yako,agent
POL958753,2021-11-25,2024-09-10,2024-11-04,2ND 944,valide,yako,courtier
POL392356,2022-05-17,2025-09-19,2025-09-24,WGV 677,annulé,akwaba,agent
POL969910,2022-02-03,2023-12-21,2025-05-19,371 OZB,suspendu,akwaba,direct
POL177203,2023-12-04,2025-07-31,2025-09-22,447-BUI,valide,akwaba,direct
POL515001,2020-12-17,2025-04-18,2025-09-17,5-35891Z,expiré,akwaba,agent
POL828983,2024-04-06,2025-05-01,2025-05-16,YEQ-7369,valide,akwaba,courtier
POL913432,2023-02-07,2024-08-22,2025-04-30,JIP-6024,suspendu,akwaba,courtier
POL708041,2022-09-30,2025-07-30,2025-08-02,A73 9SO,valide,yako,courtier
POL185304,2021-12-17,2024-08-29,2024-10-20,134 FLP,expiré,yako,agent
POL477050,2022-05-22,2025-09-14,2025-09-23,HGY-9492,expiré,yako,agent
POL167990,2023-11-07,2024-02-26,2024-10-05,MQC 280,valide,yako,direct
POL821580,2024-03-17,2024-11-29,2025-08-02,LME 974,annulé,yako,agent
POL659048,2021-01-20,2022-02-23,2024-01-02,JTZ-2534,valide,yako,agent
POL546606,2022-11-15,2024-07-02,2025-03-17,158-HCNE,valide,akwaba,agent
POL821331,2022-01-14,2024-04-13,2024-10-16,65A KN5,expiré,yako,courtier
POL274536,2021-05-22,2021-09-10,2022-02-05,HKF 873,annulé,yako,courtier
POL113623,2020-01-07,2020-09-01,2023-10-07,875-JYU,annulé,yako,courtier
POL405664,2024-09-24,2025-05-13,2025-08-02,GWF7926,valide,akwaba,courtier
POL996059,2020-07-21,2023-11-03,2025-09-09,058-KHY,valide,yako,courtier
POL313634,2024-09-02,2025-01-25,2025-04-01,07J P33,expiré,yako,agent
POL853369,2021-06-27,2023-01-03,2025-04-05,11HD2,suspendu,akwaba,agent
POL486831,2021-07-20,2022-06-12,2023-08-21,11AM672,valide,yako,direct
POL924740,2024-07-09,2025-02-28,2025-04-02,848-ZCI,annulé,yako,agent
POL917710,2020-11-04,2022-04-02,2023-02-11,7I 15075,valide,yako,direct
POL599372,2023-07-05,2025-04-12,2025-08-19,JV-3646,valide,akwaba,direct
POL079215,2019-10-24,2022-06-23,2024-05-19,Q83-51U,expiré,akwaba,courtier
POL536464,2020-04-24,2023-01-23,2025-01-07,TTH-398,annulé,akwaba,agent
POL910262,2021-05-10,2024-03-19,2025-07-22,998-228,expiré,yako,direct
POL905048,2022-06-15,2025-08-09,2025-08-25,28-I083,annulé,akwaba,direct
POL958183,2020-03-14,2024-05-27,2025-07-31,764 GXB,suspendu,yako,courtier
POL226045,2024-04-16,2025-08-01,2025-08-27,4UR 698,suspendu,akwaba,courtier
POL990549,2023-12-13,2025-06-08,2025-08-10,7OQL937,suspendu,yako,agent
POL423717,2024-06-21,2025-04-29,2025-08-10,ABL-590,annulé,akwaba,direct
POL265081,2020-06-04,2023-07-01,2025-02-13,4AI 430,suspendu,yako,direct
POL995994,2021-05-07,2024-07-02,2024-11-20,KPW 382,valide,akwaba,agent
POL217480,2020-02-27,2020-06-14,2024-03-16,3FO09,expiré,akwaba,direct
POL174859,2021-05-14,2024-01-03,2024-06-15,4P PE133,valide,akwaba,direct
POL075978,2020-08-22,2023-06-15,2025-09-05,472 SGN,suspendu,yako,courtier
POL845199,2024-09-12,2025-08-14,2025-08-31,846ODK,annulé,akwaba,courtier
POL179452,2023-02-17,2023-02-22,2023-02-26,968 JL3,annulé,yako,direct
POL849847,2021-03-26,2021-09-29,2023-07-31,8-96879,valide,yako,agent
POL112956,2020-03-14,2020-05-30,2024-12-09,02H•447,annulé,yako,agent
POL944382,2020-02-04,2024-08-01,2025-03-23,18HZ6,annulé,yako,courtier
POL904091,2024-07-15,2025-08-17,2025-08-17,AKG O88,suspendu,akwaba,agent
POL612157,2023-09-28,2025-04-06,2025-07-10,WUF 592,annulé,yako,agent
POL485423,2020-12-04,2023-12-25,2024-03-30,616 FO4,valide,yako,direct
POL475224,2019-12-26,2023-12-05,2024-10-01,177-VIV,expiré,akwaba,agent
POL729191,2023-08-17,2023-08-28,2025-02-24,MFO 901,annulé,akwaba,agent
POL076778,2023-02-04,2024-01-05,2024-09-09,9C 6938M,expiré,akwaba,agent
POL536250,2021-11-09,2023-10-01,2024-02-28,6VF 178,valide,yako,courtier
POL342175,2020-02-11,2023-12-16,2025-06-26,035AOS,suspendu,yako,agent
POL929420,2024-08-17,2025-05-11,2025-08-20,I10-25K,suspendu,akwaba,agent
POL792542,2021-02-07,2022-07-06,2025-02-19,301 0432,valide,akwaba,direct
POL111248,2020-06-19,2024-04-15,2024-11-15,PY-5321,annulé,akwaba,agent
POL827953,2022-01-08,2022-09-24,2023-11-18,NXY-5788,valide,akwaba,direct
POL747959,2023-01-19,2023-07-09,2024-01-03,3FF2547,suspendu,yako,agent
POL750769,2024-05-04,2025-07-13,2025-09-06,0SJ4457,annulé,yako,courtier
POL637322,2021-05-14,2023-01-15,2023-11-21,6OU 409,expiré,yako,courtier
POL157721,2022-09-04,2025-01-28,2025-03-08,2R 9N3VVK,expiré,yako,courtier
POL096591,2024-01-30,2024-10-04,2025-07-26,844 9UK,expiré,akwaba,courtier
POL576183,2019-11-02,2023-10-05,2024-04-24,WIU 773,valide,akwaba,courtier
POL766132,2021-06-21,2025-03-19,2025-07-09,651-360,expiré,akwaba,agent
POL457052,2021-09-05,2022-11-09,2023-05-18,065 8MK,expiré,yako,direct
POL653698,2022-10-19,2025-04-19,2025-07-27,320 SIV,annulé,akwaba,courtier
POL745981,2023-08-29,2023-09-18,2024-09-30,4D P6052,valide,akwaba,agent
POL400651,2023-05-14,2024-03-18,2024-08-29,83L W88,expiré,yako,direct
POL699498,2024-04-16,2024-10-13,2025-09-04,592 FBC,valide,akwaba,courtier
POL313342,2021-03-16,2021-06-12,2023-04-07,060 YRD,expiré,akwaba,agent
POL983648,2021-01-05,2021-04-21,2024-12-24,HGJ 613,annulé,akwaba,agent
POL357169,2024-09-22,2025-04-16,2025-05-19,386E,annulé,akwaba,direct
POL829596,2024-03-29,2024-06-28,2025-09-12,417195,valide,yako,courtier
POL230950,2020-01-07,2020-11-18,2021-11-12,425 VMN,suspendu,akwaba,agent
POL771773,2020-12-30,2025-05-10,2025-07-04,2WR1958,expiré,akwaba,agent
POL607734,2023-11-05,2024-08-21,2025-01-15,73L 3283,suspendu,yako,direct
POL135957,2021-08-23,2022-05-04,2024-08-19,YWV-039,expiré,yako,agent
POL635342,2020-03-27,2023-09-19,2025-04-03,320 LCE,expiré,akwaba,courtier
POL158091,2020-04-22,2022-07-27,2025-01-27,941TXK,annulé,yako,courtier
POL249608,2021-10-03,2023-03-22,2024-12-01,MJZ0557,expiré,akwaba,courtier
POL511963,2022-01-16,2023-03-03,2023-03-25,4-W6942,expiré,akwaba,direct
POL432177,2020-10-19,2020-10-30,2022-06-05,06D 203,suspendu,yako,courtier
POL838402,2022-03-01,2025-09-14,2025-09-24,BXI-6682,suspendu,akwaba,courtier
POL564112,2021-06-24,2022-05-21,2024-12-20,6XQ 191,expiré,yako,agent
POL487466,2023-08-16,2024-11-01,2025-06-01,KFX-718,annulé,akwaba,direct
POL087788,2020-06-13,2024-01-15,2024-02-22,97-I747,expiré,akwaba,courtier
POL687549,2024-02-14,2024-05-29,2025-01-04,LHM5337,annulé,yako,agent
POL597710,2024-06-24,2025-05-13,2025-06-03,013480,expiré,akwaba,agent
POL788640,2021-01-14,2025-09-08,2025-09-22,709 UM9,annulé,akwaba,agent
POL789318,2023-04-22,2025-04-09,2025-04-17,MWJ 768,annulé,yako,agent
POL834526,2024-07-28,2025-09-18,2025-09-21,154 PZN,expiré,akwaba,courtier
POL502703,2024-08-23,2025-01-20,2025-08-09,362-XBA,valide,yako,agent
POL182171,2020-06-15,2020-11-14,2020-12-11,785 SUH,suspendu,yako,direct
POL275905,2022-11-18,2024-09-15,2025-01-22,980 QQX,suspendu,yako,agent
POL424585,2019-12-26,2025-09-17,2025-09-20,767 NLR,suspendu,akwaba,courtier
POL823822,2019-12-29,2023-03-22,2025-02-01,LNG 420,expiré,yako,agent
POL862324,2024-07-23,2025-01-30,2025-08-02,021ZGD,expiré,yako,agent
POL424491,2021-07-06,2022-03-04,2025-06-28,21L T47,suspendu,yako,courtier
POL514388,2023-01-17,2025-07-14,2025-09-22,K24 6YU,annulé,akwaba,courtier
POL115142,2020-12-19,2021-03-28,2023-06-07,GT-9068,annulé,akwaba,courtier
POL209098,2024-07-04,2025-02-18,2025-07-22,58C FI0,valide,akwaba,courtier
